id_venta,fecha,producto,cantidad,precio_unitario,sucursal,vendedor,cliente_nombre,cliente_email,metodo_pago
SCZ-00230,12-Jul-2024,Laptop  Lenovo  ThinkPad,6.0,6784.46,Sta Cruz,Carmen Flores,Claudia Gutiérrez,claudia.gutiérrez@gmail.com,Transferencia
SCZ-00074,2024/06/02,PARLANTE BLUETOOTH JBL,3.0,,Sta Cruz,José Ríos,Andrés Condori,andrés.condori@outlook.com,QR
SCZ-00492,2024/11/18,Tarjeta Gráfica NVIDIA RTX  ,5.0,,santa cruz,,Fernando Vargas,fernando.vargas@hotmail.com,Tarjeta Débito
SCZ-00087,07 de April de 2024,router wifi tp-link,-2.0,bs. 431.98,Sta Cruz,José Ríos,Martín Morales,martín.morales@ucb.edu.bo,Tarjeta Débito
SCZ-00470,19 de August de 2024,PROCESADOR AMD RYZEN 5,7.0,1844.32,SC,José Ríos,Martín Salazar,martín.salazar@yahoo.com,QR
SCZ-00078,2024-09-20,Laptop  HP  Pavilion,6.0,6290.24,SC,Sofía Choque,Miguel Condori,,Efectivo
SCZ-00298,05-Mar-2025,Parlante Bluetooth JBL,2.0,754.12,santa cruz,Carmen Flores,Claudia Quispe,claudia.quispe@yahoo.com,
SCZ-00419,10-24-2024,Tablet Samsung Galaxy Tab  ,3.0,3661.99,SC,Carlos Mamani,Alejandro Quispe,alejandro.quispe@outlook.com,
SCZ-00343,2025-01-13,Impresora  HP  DeskJet,4.0,1369.1,SC,María García,Claudia Salazar,claudia.salazar@ucb.edu.bo,QR
SCZ-00384,2025-02-25,"Funda  para  Laptop  15""",1.0,151.14 Bs,santa cruz,Juan Pérez,Verónica Gutiérrez,verónica.gutiérrez@gmail.com,Efectivo
SCZ-00007,"January 09, 2024",MOUSE INALÁMBRICO LOGITECH,3.0,Bs. 172.36,santa cruz,María García,Alejandro Vargas,@yahoo.com,Efectivo
SCZ-00118,13 de February de 2025,Router  WiFi  TP-Link,3.0,438.94,Sta Cruz,Valentina Morales,Fernando Salazar,,Tarjeta Crédito
SCZ-00411,08/04/2024, Tablet Samsung Galaxy Tab,5.0,3447.72,Santa Cruz,,Ricardo Torrez,,QR
SCZ-00076,"June 25, 2024",Audifonos Sony WH-1000,1.0,2364.97 Bs,Sta. Cruz,Juan Pérez,Silvia Fernández,silvia.fernández@outlook.com,Transferencia
SCZ-00273,2024-02-22, Kit Limpieza Pantalla,6.0,34.0 Bs,SCZ,María García,Sebastián López,sebastián.lópez@yahoo.com,Efectivo
SCZ-00196,2030-03-27," Monitor Samsung 24""",5.0,2000.45,Sta Cruz,Carmen Flores,Martín Fernández,martín.fernández @ucb.edu.bo,Transferencia
SCZ-00495,31 de March de 2024,Tarjeta Gráfica NVIDIA RTX,4.0,4951.34,santa cruz,Juan Pérez,Carla Fernández,carla.fernández@hotmail.com,Tarjeta Débito
SCZ-00102,23/04/2024,memoria usb 128gb,3.0,166.4,Sta Cruz,Sofía Choque,Claudia Torrez,claudia.torrez@ucb.edu.bo,QR
SCZ-00498,12-15-2024,Hub USB 4 puertos,2.0,91.77,SANTA CRUZ,,Javier Rojas,,Tarjeta Crédito
SCZ-00056,2024/03/18,Tarjeta Grafica NVIDIA RTX,7.0,Bs.4836.98,Santa Cruz,Lucía Condori,Gabriela Torrez,@hotmail.com,
SCZ-00374,30-Jul-2024,HUB USB 4 PUERTOS,7.0,,SCZ,Sofía Choque,Fernando López,fernando.lópez@gmail.com,
SCZ-00186,02 de June de 2024, Webcam Logitech C920,5.0,602.32,Santa Cruz,Carmen Flores,Patricia Mendoza,patricia.mendoza@outlook.com,Tarjeta Débito
SCZ-00299,"February 18, 2024",ssd samsung 500gb,6.0,448.68,Sta Cruz,Lucía Condori,Javier Quispe,,Tarjeta Crédito
SCZ-00168,2024/09/12, Tablet Samsung Galaxy Tab,2.0,3505.07 Bs,SC,Sofía Choque,Sebastián Flores,sebastián.floresgmail.com,QR
SCZ-00480,09-14-2024,Disco  Duro  Externo  1TB,2.0,,SANTA CRUZ,Ana Quispe,Patricia Condori,patricia.condori@gmail.com,Efectivo
SCZ-00003,09-27-2024,Batería Externa 20000mAh  ,,Bs.227.1,santa cruz,Pedro Gutiérrez,Martín Mendoza,martín.mendoza@yahoo.com,QR
SCZ-00181,15/08/2024,Impresora HP DeskJet,,Bs.1297.87,Sta Cruz,Ana Quispe,Sebastián García,sebastián.garcía@hotmail.com,Transferencia
SCZ-00358,"May 20, 2024",TABLET IPAD AIR,4.0,4217.32,SANTA CRUZ,Carmen Flores,Sebastián Mamani,sebastián.mamani@ucb.edu.bo,Transferencia
SCZ-00011,2024-10-12,webcam logitech c920,6.0,635.79,SCZ,Carlos Mamani,Sebastián Choque,sebastián.choque@outlook.com,Tarjeta Crédito
SCZ-00312,01 de July de 2024,Impresora Epson L3250,5.0,1800.68,SCZ,José Ríos,Ricardo Salazar,ricardo.salazar@yahoo.com,Tarjeta Crédito
SCZ-00372,"August 18, 2024",Impresora  Epson  L3250,5.0,1465.0,SCZ,,Carla Fernández,carla.fernández@outlook.com,QR
SCZ-00177,02-03-2025,"Funda para Laptop 15""",2.0,153.86,Sta. Cruz,Juan Pérez,Ricardo Flores,ricardo.flores@outlook.com,Tarjeta Crédito
SCZ-00246,2030-03-26,memoria usb 64gb,4.0,87.91,SANTA CRUZ,Lucía Condori,Sebastián López,sebastián.lópez@outlook.com,Tarjeta Crédito
SCZ-00465,13/08/2024,Impresora Epson L3250,2.0,1538.91,SCZ,Sofía Choque,Javier Gutiérrez,javier.gutiérrez@hotmail.com,Transferencia
SCZ-00350,02-14-2024,Audifonos Sony WH-1000,2.0,2366.58,SANTA CRUZ,Roberto López,Gabriela Morales,gabriela.morales@outlook.com,Transferencia
SCZ-00077,12/10/2024,Adaptador HDMI a VGA,3.0,63.84,Sta. Cruz,Carlos Mamani,Lorena Morales,,QR
SCZ-00415,05-23-2024,MEMORIA USB 128GB,4.0,152.07,SC,José Ríos,Martín Fernández,martín.fernández@yahoo.com,Tarjeta Débito
SCZ-00073,2024/12/11,Parlante Bluetooth JBL  ,6.0,751.76,Santa Cruz,Ana Quispe,Carla García,carla.garcía@gmail.com,Efectivo
SCZ-00197,28-Jul-2024,Disco Duro Externo 1TB,3.0,504.91,Sta. Cruz,Carlos Mamani,Pablo Mamani,@yahoo.com,Tarjeta Crédito
SCZ-00269,16/03/2024,Memoria  USB  128GB,1.0,150.3,santa cruz,María García,Lorena Salazar,lorena.salazar@ucb.edu.bo,Efectivo
SCZ-00322,14/03/2025,ssd samsung 500gb,5.0,596.72,Santa Cruz,Diego Fernández,Verónica López,,Transferencia
SCZ-00489,2024-11-27, Laptop Lenovo ThinkPad,,7129.69,Santa Cruz,,Lorena Mamani,,Tarjeta Crédito
SCZ-00141,29/02/2024,"Monitor Samsung 24""  ",2.0,,Santa Cruz,Juan Pérez,Miguel Choque,miguel.choque@gmail.com..,Transferencia
SCZ-00458,20 de June de 2024,Kit Limpieza Pantalla,2.0,36.06,santa cruz,Valentina Morales,Verónica Gutiérrez,verónica.gutiérrez@outlook.com,Tarjeta Crédito
SCZ-00174,2025-01-10,"Monitor  Samsung  24""",,Bs 1572,santa cruz,Valentina Morales,Gabriela Mendoza,gabriela.mendoza@hotmail.com,Transferencia
SCZ-00080,2030-09-04,MEMORIA USB 64GB,7.0,70.05 Bs,SANTA CRUZ,,Silvia López,silvia.lópez@ucb.edu.bo,QR
SCZ-00363,2024/10/16,tablet ipad air,3.0,4912.04,Sta Cruz,Roberto López,Javier Choque,javier.choque@gmail.com..,Tarjeta Débito
SCZ-00397,05-20-2024,kit limpieza pantalla,7.0,37.79,santa cruz,Carmen Flores,Sebastián Mendoza,sebastián.mendoza@outlook.com..,Efectivo
SCZ-00174,2025-01-10,"Monitor  Samsung  24""",4.0,Bs 1572,santa cruz,Valentina Morales,Gabriela Mendoza,gabriela.mendoza@hotmail.com,Transferencia
SCZ-00031,"October 16, 2024","Monitor Samsung 24""  ",2.0,Bs.1617.98,SCZ,Carmen Flores,Silvia Salazar,silvia.salazar@hotmail.com,Tarjeta Crédito
SCZ-00236,2024-10-20,Router WiFi TP-Link  ,6.0,474.29,Sta Cruz,Carlos Mamani,Eduardo Gutiérrez,eduardo.gutiérrez@hotmail.com,Efectivo
SCZ-00195,30-Jul-2024,Laptop HP Pavilion,4.0,5756.22,SC,Diego Fernández,Lorena Quispe,lorena.quispe@hotmail.com,Tarjeta Crédito
SCZ-00498,12-15-2024,Hub USB 4 puertos,2.0,91.77,SANTA CRUZ,Valentina Morales,Javier Rojas,javier.rojas@hotmail.com,Tarjeta Crédito
SCZ-00010,"June 19, 2024",Disco Duro Externo 1TB,4.0,572.01,santa cruz,Carmen Flores,Patricia Torrez,patricia.torrez@yahoo.com,QR
SCZ-00102,23/04/2024,memoria usb 128gb,3.0,166.4,Sta Cruz,Sofía Choque,Claudia Torrez,,QR
SCZ-00326,02-09-2025, Memoria USB 64GB,,81.36,SC,Roberto López,Daniela Morales,daniela.morales@gmail.com,QR
SCZ-00105,"June 03, 2024",impresora epson l3250,-4.0,1466.08,SC,Valentina Morales,Eduardo Flores,eduardo.floresgmail.com,Efectivo
SCZ-00447,30 de October de 2024,BATERÍA EXTERNA 20000MAH,7.0,197.11,Sta Cruz,Diego Fernández,Patricia Morales,patricia.morales @hotmail.com,QR
SCZ-00371,"March 15, 2025","monitor samsung 24""",6.0,1574.1,SANTA CRUZ,Sofía Choque,Alejandro Torrez,alejandro.torrez@outlook.com,Tarjeta Crédito
SCZ-00159,"February 21, 2024",Laptop Dell Inspiron,1.0,5999.85,SCZ,Pedro Gutiérrez,Lorena Vargas,lorena.vargas@hotmail.com,Efectivo
SCZ-00250,16 de February de 2024,SSD Samsung 500GB,-2.0,Bs.511.84,Sta. Cruz,José Ríos,Andrés Mendoza,andrés.mendoza@hotmail.com,Tarjeta Débito
SCZ-00317,2024/08/02,Parlante Bluetooth JBL,1.0,771.81,Sta. Cruz,Ana Quispe,Andrés Condori,andrés.condorigmail.com,QR
SCZ-00077,12/10/2024,Adaptador HDMI a VGA,3.0,63.84,Sta. Cruz,Carlos Mamani,Lorena Morales,,QR
SCZ-00334,29 de September de 2024, Hub USB 4 puertos,7.0,90.74,santa cruz,Valentina Morales,Daniela Condori,,Transferencia
SCZ-00071,05-20-2024," Funda para Laptop 15""",7.0,132.1,SANTA CRUZ,Sofía Choque,Claudia Mendoza,claudia.mendoza@hotmail.com,Transferencia
SCZ-00487,2024-03-14,Laptop  Dell  Inspiron,,6850.9,SC,,Martín Mendoza,martín.mendoza@outlook.com,Tarjeta Débito
SCZ-00461,"March 28, 2024","funda para laptop 15""",7.0,167.97,SANTA CRUZ,,Natalia Gutiérrez,,Tarjeta Débito
SCZ-00369,16-Nov-2024,LAPTOP DELL INSPIRON,,5363.78,santa cruz,Ana Quispe,Pablo Vargas,@outlook.com,Transferencia
SCZ-00272,2024/01/02,tarjeta gráfica nvidia rtx,7.0,BOB 4672.79,SCZ,Juan Pérez,Pablo Flores,,QR
SCZ-00133,"May 11, 2024",teclado logitech k380,,336.95,SC,Pedro Gutiérrez,Daniela Condori,daniela.condori@hotmail.com,Transferencia
SCZ-00079,"September 03, 2024",ssd samsung 500gb,6.0,580.44,Santa Cruz,Carlos Mamani,Fernando Morales,,Tarjeta Crédito
SCZ-00150,2025-03-02,ROUTER WIFI TP-LINK,2.0,425.01,Sta. Cruz,Sofía Choque,Martín Fernández,,Tarjeta Débito
SCZ-00336,10-30-2024,Cable HDMI 2m,4.0,41.49,SC,Sofía Choque,Claudia Mamani,claudia.mamanigmail.com,Transferencia
SCZ-00209,2025-03-20,tablet ipad air,,4083.03,SC,,Lorena Mamani,lorena.mamani@ucb.edu.bo,Efectivo
SCZ-00069,"October 20, 2024",Router WiFi TP-Link  ,4.0,418.28,SANTA CRUZ,,Javier Salazar,javier.salazar@outlook.com,Tarjeta Crédito
SCZ-00251,11-Aug-2024,disco duro externo 1tb,6.0,494.85,santa cruz,José Ríos,Carla López,carla.lópez@hotmail.com,QR
SCZ-00064,04-04-2024,Kit Limpieza Pantalla,6.0,31.9,SCZ,Sofía Choque,Eduardo López,eduardo.lópez@outlook.com,QR
SCZ-00235,28 de April de 2024,Tablet iPad Air,,Bs.4537.32,SANTA CRUZ,Valentina Morales,Carla Quispe,carla.quispe@hotmail.com,Tarjeta Débito
SCZ-00210,05/12/2024,Disco Duro Externo 1TB  ,1.0,,santa cruz,Juan Pérez,Mónica Quispe,mónica.quispe@hotmail.com,
SCZ-00083,14-Jan-2024,memoria usb 128gb,7.0,Bs 146,SANTA CRUZ,María García,Andrés Morales,andrés.morales@hotmail.com,Transferencia
SCZ-00193,"July 31, 2024", Tablet iPad Air,,Bs 5269,Sta Cruz,,Gabriela Fernández,gabriela.fernández@yahoo.com,Tarjeta Débito
SCZ-00034,23 de April de 2024,"FUNDA PARA LAPTOP 15""",5.0,146.56,Sta Cruz,Juan Pérez,Javier Rojas,javier.rojas@,Tarjeta Crédito
SCZ-00085,08/11/2024,Hub USB 4 puertos  ,1.0,104.64,Sta. Cruz,Valentina Morales,Daniela Rojas,daniela.rojas@hotmail.com,Tarjeta Débito
SCZ-00178,"February 20, 2024", Impresora HP DeskJet,3.0,1308.95,SANTA CRUZ,Ana Quispe,Pablo Choque,pablo.choque@yahoo.com,Tarjeta Débito
SCZ-00001,03-11-2025,mouse inalámbrico logitech,2.0,199.77,Sta Cruz,Lucía Condori,Martín Rojas,martín.rojas@ucb.edu.bo,Transferencia
SCZ-00012,2024-11-13, Audífonos Sony WH-1000,7.0,,santa cruz,Carmen Flores,Ricardo Mamani,ricardo.mamani@yahoo.com,Tarjeta Débito
SCZ-00473,11-03-2024,WEBCAM LOGITECH C920,4.0,Bs.712.51,SCZ,Diego Fernández,Pablo Torrez,pablo.torrez@outlook.com,Transferencia
SCZ-00023,2024/08/10,audífonos jbl tune,6.0,356.66,SCZ,Pedro Gutiérrez,Fernando Morales,fernando.morales@hotmail.com,Tarjeta Crédito
SCZ-00357,06/03/2025,TABLET SAMSUNG GALAXY TAB,4.0,2984.23,SC,Sofía Choque,Martín Choque,martín.choque@outlook.com,QR
SCZ-00091,2024/07/17,Memoria USB 64GB  ,2.0,Bs.85.54,Sta Cruz,Diego Fernández,Eduardo Gutiérrez,eduardo.gutiérrez@hotmail.com,Transferencia
SCZ-00090,28/05/2024,Mouse Gamer Razer,6.0,469.8,SCZ,Valentina Morales,Eduardo Gutiérrez,eduardo.gutiérrez@ucb.edu.bo,Tarjeta Débito
SCZ-00154,10/09/2024,Tablet Samsung Galaxy Tab,5.0,2775.84,SANTA CRUZ,Sofía Choque,Gabriela Vargas,gabriela.vargas@yahoo.com,Efectivo
SCZ-00278,01/01/2025,Webcam Logitech C920,6.0,,SCZ,,Gabriela Mendoza,@ucb.edu.bo,
SCZ-00138,2024-05-23,Mouse Gamer Razer,5.0,406.96,Santa Cruz,Diego Fernández,Verónica García,verónica.garcía@hotmail.com,Transferencia
SCZ-00377,"September 16, 2024", Mouse Inalámbrico Logitech,5.0,,SC,Roberto López,Pablo Fernández,pablo.fernández@yahoo.com,Transferencia
SCZ-00132,2024-08-07,Kit Limpieza Pantalla  ,1.0,35.7,santa cruz,María García,Gabriela Quispe,gabriela.quispe@gmail.com,Transferencia
SCZ-00430,11-11-2024,Tarjeta Gráfica NVIDIA RTX,4.0,4550.01,Sta. Cruz,María García,Fernando Mendoza,fernando.mendoza@ucb.edu.bo,Tarjeta Débito
SCZ-00019,2025/03/20,memoria usb 64gb,5.0,83.78,santa cruz,José Ríos,Andrés García,,Tarjeta Crédito
SCZ-00281,2025/01/04,Audífonos  JBL  Tune,,416.17,Sta Cruz,Valentina Morales,Mónica Condori,mónica.condori@outlook.com,Tarjeta Crédito
SCZ-00449,2024/03/11,cargador universal usb-c,3.0,126.49,Sta Cruz,Valentina Morales,Lorena Condori,,Transferencia
SCZ-00016,2025/02/27,Laptop  HP  Pavilion,1.0,6122.61,santa cruz,Valentina Morales,Miguel Quispe,miguel.quispe@gmail.com,Efectivo
SCZ-00308,"April 13, 2024",Mouse Inalambrico Logitech,3.0,,Sta Cruz,José Ríos,Javier Fernández,javier.fernández@hotmail.com,Transferencia
SCZ-00040,03-20-2025,Cargador Universal USB-C  ,3.0,102.41,Santa Cruz,Ana Quispe,Natalia Fernández,,QR
SCZ-00499,2024-03-04,Audifonos Sony WH-1000,5.0,,SANTA CRUZ,Diego Fernández,Pablo Gutiérrez,pablo.gutiérrez@outlook.com,Tarjeta Débito
SCZ-00149,03-06-2024, Impresora HP DeskJet,,1120.69,Santa Cruz,,Andrés López,andrés.lópez@hotmail.com,Tarjeta Crédito
SCZ-00047,02-08-2025,Laptop HP Pavilion  ,7.0,5640.5,Santa Cruz,Valentina Morales,Lorena Gutiérrez,lorena.gutiérrez@outlook.com,Tarjeta Crédito
SCZ-00094,03-25-2025,kit limpieza pantalla,5.0,40.23,Sta. Cruz,Juan Pérez,Fernando Choque,fernando.choque @hotmail.com,Transferencia
SCZ-00407,10-Dec-2024,laptop dell inspiron,,5745.68,SCZ,María García,Lorena Quispe,lorena.quispe@ucb.edu.bo,
SCZ-00183,18/01/2025,Parlante Bluetooth JBL,5.0,862.04,SCZ,Sofía Choque,Natalia Flores,natalia.floresgmail.com,Transferencia
SCZ-00245,"July 05, 2024",Audífonos JBL Tune,-7.0,411.14,santa cruz,Pedro Gutiérrez,Martín Mendoza,,QR
SCZ-00064,04-04-2024,Kit Limpieza Pantalla,6.0,31.9,SCZ,Sofía Choque,Eduardo López,eduardo.lópez@outlook.com,QR
SCZ-00391,2024/03/08,Tablet Samsung Galaxy Tab,,3167.47,SANTA CRUZ,Diego Fernández,Mónica García,mónica.garcía@gmail.com,Tarjeta Crédito
SCZ-00454,28/05/2024,Router WiFi TP-Link,7.0,462.39,Sta. Cruz,Carmen Flores,Natalia Quispe,,Tarjeta Débito
SCZ-00353,01-23-2025,AUDÍFONOS SONY WH-1000,7.0,1887.01,SC,,Daniela Condori,daniela.condori@gmail.com,Tarjeta Débito
SCZ-00256,08-03-2024,Parlante Bluetooth JBL,3.0,757.25,SANTA CRUZ,Valentina Morales,Verónica Vargas,verónica.vargas@hotmail.com,QR
SCZ-00306,12 de March de 2025,MOUSE INALÁMBRICO LOGITECH,7.0,190.74,santa cruz,Sofía Choque,Martín Salazar,martín.salazar@outlook.com,Efectivo
SCZ-00317,2024/08/02,Parlante Bluetooth JBL,1.0,771.81,Sta. Cruz,Ana Quispe,Andrés Condori,,QR
SCZ-00401,02-06-2025,Laptop HP Pavilion,3.0,5339.52,Sta. Cruz,Lucía Condori,Silvia Torrez,silvia.torrez@gmail.com,QR
SCZ-00319,19-Feb-2024,Webcam Logitech C920,4.0,,SC,Sofía Choque,Daniela Morales,daniela.morales @hotmail.com,Tarjeta Crédito
SCZ-00239,09-29-2024, Tablet Samsung Galaxy Tab,5.0,bs. 3679.49,SC,Carmen Flores,Patricia Salazar,patricia.salazar@gmail.com,Efectivo
SCZ-00410,09/03/2024,Webcam Logitech C920  ,5.0,692.93,Sta Cruz,Pedro Gutiérrez,Ricardo García,ricardo.garcía@hotmail.com,Transferencia
SCZ-00490,29-Jul-2024,impresora hp deskjet,4.0,,SANTA CRUZ,Ana Quispe,Daniela García,daniela.garcía@yahoo.com,
SCZ-00385,2025-03-12,Tablet  iPad  Air,6.0,4937.13,Sta Cruz,Sofía Choque,Gabriela García,gabriela.garcía@gmail.com,Transferencia
SCZ-00070,30-Aug-2024,CARGADOR UNIVERSAL USB-C,5.0,Bs.114.33,Sta. Cruz,José Ríos,Patricia García,patricia.garcía@hotmail.com,QR
SCZ-00383,2025-03-26,memoria usb 128gb,7.0,127.51,SANTA CRUZ,Lucía Condori,Lorena Mendoza,lorena.mendoza@outlook.com,QR
SCZ-00323,2024-02-01,Memoria  USB  128GB,2.0,152.68,santa cruz,Diego Fernández,Andrés Morales,andrés.morales @outlook.com,Efectivo
SCZ-00347,2030-02-03,Webcam Logitech C920  ,1.0,596.18 Bs,SC,José Ríos,Daniela Rojas,daniela.rojas@hotmail.com,QR
SCZ-00356,2024-03-04,kit limpieza pantalla,,Bs.33.88,Sta. Cruz,Pedro Gutiérrez,Gabriela Vargas,gabriela.vargas@gmail.com,QR
SCZ-00156,08 de August de 2024,Webcam  Logitech  C920,,640.21 Bs,santa cruz,,Silvia García,silvia.garcía@outlook.com,Transferencia
SCZ-00248,2024-04-05,procesador amd ryzen 5,4.0,1921.84,SCZ,Valentina Morales,Silvia Quispe,silvia.quispe@yahoo.com,Efectivo
SCZ-00125,15/03/2025,Mouse Gamer Razer  ,6.0,428.0,SCZ,Roberto López,Patricia Torrez,patricia.torrez@yahoo.com,QR
SCZ-00382,13/03/2025,Batería Externa 20000mAh,3.0,191.09,santa cruz,Carlos Mamani,Andrés Gutiérrez,andrés.gutiérrez@ucb.edu.bo..,QR
SCZ-00205,03-27-2024,mouse gamer razer,4.0,419.87,SANTA CRUZ,,Daniela Fernández,daniela.fernández @gmail.com,Tarjeta Crédito
SCZ-00173,2024/12/24, Router WiFi TP-Link,4.0,421.27,SANTA CRUZ,,Verónica Fernández,verónica.fernández @outlook.com,QR
SCZ-00212,"July 19, 2024",Router WiFi TP-Link,3.0,461.46,Santa Cruz,Juan Pérez,Miguel Vargas,miguel.vargas@yahoo.com,Efectivo
SCZ-00398,"October 28, 2024","Monitor Samsung 24""  ",,Bs.1582.36,Santa Cruz,Valentina Morales,Gabriela Condori,gabriela.condori@hotmail.com,
SCZ-00069,"October 20, 2024",Router WiFi TP-Link  ,4.0,,SANTA CRUZ,María García,Javier Salazar,javier.salazar@outlook.com,Tarjeta Crédito
SCZ-00478,06/05/2024,SSD Samsung 500GB  ,4.0,515.67,Sta. Cruz,Carlos Mamani,Javier Fernández,javier.fernández@ucb.edu.bo,Transferencia
SCZ-00211,12/01/2025,TABLET IPAD AIR,7.0,5358.78,Sta. Cruz,María García,Pablo Salazar,pablo.salazar@gmail.com,Tarjeta Crédito
SCZ-00300,03-02-2024,Tarjeta Grafica NVIDIA RTX,2.0,4118.85,SCZ,Pedro Gutiérrez,Patricia Rojas,,QR
SCZ-00427,16-Aug-2024,memoria usb 128gb,7.0,128.93,santa cruz,Carlos Mamani,Sebastián Gutiérrez,sebastián.gutiérrez@ucb.edu.bo,Tarjeta Débito
SCZ-00020,"January 09, 2025",Router WiFi TP-Link,3.0,438.28,SCZ,Roberto López,Carla Mendoza,carla.mendoza@ucb.edu.bo,
SCZ-00368,03 de July de 2024,Router WiFi TP-Link,2.0,Bs. 415.63,Santa Cruz,Ana Quispe,Silvia Quispe,silvia.quispegmail.com,QR
SCZ-00057,15/01/2024,Cargador Universal USB-C,1.0,106.31,santa cruz,Pedro Gutiérrez,Ricardo Vargas,ricardo.vargas@hotmail.com,QR
SCZ-00219,06 de February de 2024,Adaptador HDMI a VGA,6.0,74.44,SC,Ana Quispe,Verónica Vargas,verónica.vargas@ucb.edu.bo,Efectivo
SCZ-00451,20-Oct-2024,Tablet  iPad  Air,,4846.76,santa cruz,Valentina Morales,Natalia Gutiérrez,natalia.gutiérrezgmail.com,Transferencia
SCZ-00439,14-Mar-2024,Tablet Samsung Galaxy Tab,5.0,2806.17,Santa Cruz,Pedro Gutiérrez,Ricardo Rojas,ricardo.rojas@ucb.edu.bo,QR
SCZ-00441,2024/07/30, Audífonos JBL Tune,6.0,431.54,SC,José Ríos,Ricardo Torrez,ricardo.torrez@hotmail.com,QR
SCZ-00375,03 de March de 2025,Webcam Logitech C920,2.0,,SANTA CRUZ,Juan Pérez,Sebastián Gutiérrez,sebastián.gutiérrez@yahoo.com,Efectivo
SCZ-00026,"December 07, 2024","Funda para Laptop 15""",6.0,164.75,santa cruz,Roberto López,Eduardo García,eduardo.garcía@hotmail.com,QR
SCZ-00279,14-Sep-2024,hub usb 4 puertos,5.0,bs. 105.92,santa cruz,María García,Patricia Mamani,,Efectivo
SCZ-00043,08-Jan-2025, Router WiFi TP-Link,2.0,370.45,Santa Cruz,,Fernando Gutiérrez,,QR
SCZ-00440,"May 16, 2024",KIT LIMPIEZA PANTALLA,2.0,39.04,SANTA CRUZ,Juan Pérez,Patricia Mamani,,
SCZ-00249,27 de October de 2024,audífonos jbl tune,4.0,352.63,santa cruz,Lucía Condori,Pablo Rojas,pablo.rojas@ucb.edu.bo,QR
SCZ-00433,"September 29, 2024", Tablet Samsung Galaxy Tab,7.0,3444.36,Sta Cruz,,Miguel Vargas,miguel.vargas@ucb.edu.bo,Tarjeta Débito
SCZ-00334,29 de September de 2024, Hub USB 4 puertos,7.0,,santa cruz,Valentina Morales,Daniela Condori,,Transferencia
SCZ-00155,23 de March de 2024,Tarjeta Gráfica NVIDIA RTX,6.0,,SCZ,Roberto López,Andrés Condori,,QR
SCZ-00127,04/06/2024,Procesador AMD Ryzen 5,4.0,1816.83,SANTA CRUZ,Juan Pérez,Martín Salazar,martín.salazar@outlook.com,Tarjeta Crédito
SCZ-00276,17 de June de 2024,Kit  Limpieza  Pantalla,1.0,Bs. 32.52,Sta Cruz,María García,Ricardo Quispe,ricardo.quispe@hotmail.com,QR
SCZ-00362,10 de March de 2024,Teclado  Logitech  K380,2.0,374.98,Santa Cruz,Ana Quispe,Silvia Salazar,silvia.salazar@gmail.com..,Transferencia
SCZ-00032,05-31-2024,Webcam Logitech C920  ,1.0,674.56,Santa Cruz,José Ríos,Natalia Quispe,natalia.quispe@yahoo.com,QR
SCZ-00114,2024-04-11,Bateria Externa 20000mAh,1.0,196.4,Sta. Cruz,Carmen Flores,Andrés Morales,andrés.morales@yahoo.com,QR
SCZ-00381,15 de February de 2024,"Monitor LG 27""",,2596.09,SC,Valentina Morales,Lorena Flores,lorena.flores@ucb.edu.bo,Tarjeta Crédito
SCZ-00474,2025-01-28," Funda para Laptop 15""",3.0,170.76,Sta. Cruz,Roberto López,Verónica Fernández,verónica.fernández@yahoo.com,Efectivo
SCZ-00370,2030-03-08, Mouse Inalámbrico Logitech,6.0,161.14,SANTA CRUZ,Ana Quispe,Verónica Mendoza,verónica.mendoza@ucb.edu.bo,
SCZ-00058,2024-03-07, Audífonos JBL Tune,2.0,,Sta. Cruz,Ana Quispe,Andrés Torrez,,Tarjeta Débito
SCZ-00333,2025-02-24,Teclado Logitech K380  ,3.0,398.46,Sta Cruz,Diego Fernández,Javier Condori,javier.condori@gmail.com,QR
SCZ-00025,2025/02/03,Mouse  Gamer  Razer,4.0,387.35,SC,Lucía Condori,Carla Vargas,carla.vargas@yahoo.com,Tarjeta Débito
SCZ-00018,25-Apr-2024,Procesador AMD Ryzen 5,,bs. 1888.29,Santa Cruz,María García,Sebastián Mamani,sebastián.mamani@outlook.com,
SCZ-00457,19 de August de 2024,mouse inalámbrico logitech,1.0,199.48,Santa Cruz,Sofía Choque,Alejandro López,alejandro.lópez@hotmail.com,Transferencia
SCZ-00067,13/04/2024, Mouse Gamer Razer,3.0,489.69,santa cruz,Diego Fernández,Pablo Gutiérrez,pablo.gutiérrez@yahoo.com,Tarjeta Crédito
SCZ-00229,"November 22, 2024",Memoria USB 128GB  ,5.0,161.4,SCZ,Juan Pérez,Miguel Condori,miguel.condori@gmail.com,QR
SCZ-00483,2025/03/08, Parlante Bluetooth JBL,3.0,783.01,Sta Cruz,Carmen Flores,Javier Mamani,javier.mamani@hotmail.com,Tarjeta Débito
SCZ-00085,08/11/2024,Hub USB 4 puertos  ,1.0,104.64,Sta. Cruz,Valentina Morales,Daniela Rojas,daniela.rojas@hotmail.com,Tarjeta Débito
SCZ-00443,2025/03/25,laptop lenovo thinkpad,1.0,7644.84,Sta Cruz,Sofía Choque,Alejandro Choque,alejandro.choque@yahoo.com,QR
SCZ-00095,2024/09/01,Kit  Limpieza  Pantalla,2.0,35.24,SCZ,Carlos Mamani,Natalia Flores,natalia.flores@outlook.com,Transferencia
SCZ-00185,23-May-2024, Laptop Dell Inspiron,4.0,5932.11,Sta Cruz,Juan Pérez,Lorena Condori,lorena.condori@ucb.edu.bo,Transferencia
SCZ-00292,03/04/2024,CABLE HDMI 2M,2.0,46.82,Santa Cruz,Pedro Gutiérrez,Alejandro Mendoza,alejandro.mendoza@gmail.com,Tarjeta Débito
SCZ-00024,"June 24, 2024", Router WiFi TP-Link,3.0,,SANTA CRUZ,Ana Quispe,Miguel Torrez,miguel.torrez@hotmail.com,Efectivo
SCZ-00266,02-28-2024,MEMORIA USB 64GB,,79.56,santa cruz,Pedro Gutiérrez,Verónica Choque,verónica.choque@yahoo.com,Tarjeta Crédito
SCZ-00288,"February 16, 2025",Memoria  USB  64GB,2.0,,SCZ,Ana Quispe,Ricardo Mamani,ricardo.mamani@hotmail.com,QR
SCZ-00484,15/06/2024,Hub  USB  4  puertos,,91.83 Bs,SC,Pedro Gutiérrez,Eduardo Torrez,eduardo.torrez@hotmail.com,Tarjeta Crédito
SCZ-00006,2024-07-08, SSD Samsung 500GB,5.0,536.7,SANTA CRUZ,Juan Pérez,Claudia López,claudia.lópez@ucb.edu.bo,
SCZ-00117,07-22-2024,Cable  HDMI  2m,4.0,39.33,santa cruz,Lucía Condori,Claudia Morales,claudia.morales@hotmail.com,Tarjeta Débito
SCZ-00046,05-Mar-2024,router wifi tp-link,2.0,463.11,Santa Cruz,Pedro Gutiérrez,Mónica Salazar,mónica.salazar@gmail.com,Tarjeta Crédito
SCZ-00232,13-Jan-2024,"Funda para Laptop 15""",3.0,Bs 139,SC,Juan Pérez,Martín Salazar,martín.salazar@outlook.com,Efectivo
SCZ-00305,"July 13, 2024",DISCO DURO EXTERNO 1TB,,513.45,SC,Lucía Condori,Daniela Condori,daniela.condori@ucb.edu.bo,Tarjeta Débito
SCZ-00017,02-29-2024,Webcam  Logitech  C920,5.0,618.61,Sta Cruz,,Eduardo Quispe,eduardo.quispe@gmail.com..,Efectivo
SCZ-00049,2024-11-01,Hub  USB  4  puertos,6.0,81.57,SANTA CRUZ,María García,Natalia Mamani,natalia.mamani@outlook.com,
SCZ-00396,2024-12-10,Tablet  iPad  Air,6.0,,Sta Cruz,Pedro Gutiérrez,Eduardo Vargas,eduardo.vargas@hotmail.com,
SCZ-00004,2024/08/29, Impresora Epson L3250,4.0,bs. 1647.61,SCZ,,Andrés Choque,andrés.choque@ucb.edu.bo,Tarjeta Débito
SCZ-00413,05-09-2024,IMPRESORA HP DESKJET,6.0,1094.37,SANTA CRUZ,Carlos Mamani,Javier Choque,javier.choque@outlook.com,Tarjeta Crédito
SCZ-00223,2024/12/06,mouse inalámbrico logitech,4.0,202.11,SANTA CRUZ,Carmen Flores,Claudia Vargas,claudia.vargas@ucb.edu.bo,Transferencia
SCZ-00061,"March 16, 2025",Kit Limpieza Pantalla,3.0,39.91,santa cruz,Juan Pérez,Gabriela Salazar,gabriela.salazar@yahoo.com,
SCZ-00409,2025-03-19,Cable HDMI 2m  ,4.0,49.03,SC,Carlos Mamani,Silvia Torrez,silvia.torrez@gmail.com,Efectivo
SCZ-00111,01-27-2024,Memoria USB 64GB,5.0,Bs 81,santa cruz,Roberto López,Claudia Vargas,claudia.vargas@gmail.com,QR
SCZ-00354,07 de September de 2024,Memoria  USB  128GB,7.0,Bs 146,SC,Pedro Gutiérrez,Andrés Flores,andrés.flores@hotmail.com,Tarjeta Débito
SCZ-00290,12-27-2024,Memoria  USB  128GB,6.0,,Santa Cruz,,Miguel Mamani,miguel.mamani@,Efectivo
SCZ-00030,2024-08-25,Kit Limpieza Pantalla,,34.31,Santa Cruz,Lucía Condori,Silvia López,silvia.lópezgmail.com,Transferencia
SCZ-00335,27 de February de 2024,webcam logitech c920,6.0,580.24,santa cruz,Juan Pérez,Eduardo Flores,eduardo.flores@outlook.com,
SCZ-00453,08 de January de 2024,Laptop Dell Inspiron  ,5.0,5987.13,Sta. Cruz,María García,Sebastián Vargas,sebastián.vargas@ucb.edu.bo,Transferencia
SCZ-00027,30/12/2024, Teclado Logitech K380,4.0,372.53 Bs,santa cruz,Valentina Morales,Silvia Mendoza,silvia.mendoza@yahoo.com,Tarjeta Débito
SCZ-00008,02-10-2025,Memoria USB 64GB  ,,91.32,SANTA CRUZ,Valentina Morales,Ricardo Condori,ricardo.condori@outlook.com,Tarjeta Crédito
SCZ-00182,06-02-2024,Audífonos  JBL  Tune,5.0,,Sta Cruz,Carlos Mamani,Natalia Morales,natalia.morales@gmail.com,Efectivo
SCZ-00362,10 de March de 2024,Teclado  Logitech  K380,2.0,374.98,Santa Cruz,Ana Quispe,Silvia Salazar,silvia.salazar@gmail.com..,Transferencia
SCZ-00109,"March 24, 2024",Disco Duro Externo 1TB  ,-4.0,617.57,santa cruz,Lucía Condori,Sebastián Rojas,sebastián.rojas@yahoo.com,Tarjeta Crédito
SCZ-00038,02 de August de 2024,Laptop Lenovo ThinkPad,1.0,Bs 6867,Santa Cruz,Pedro Gutiérrez,Sebastián Rojas,sebastián.rojas@hotmail.com,Tarjeta Débito
SCZ-00158,07-31-2024,Cable  HDMI  2m,3.0,,SANTA CRUZ,Valentina Morales,Mónica López,mónica.lópez@,QR
SCZ-00372,"August 18, 2024",Impresora  Epson  L3250,5.0,1465.0,SCZ,,Carla Fernández,carla.fernández@outlook.com,QR
SCZ-00119,2030-10-13,TARJETA GRÁFICA NVIDIA RTX,-7.0,,SANTA CRUZ,,Patricia Torrez,patricia.torrez@ucb.edu.bo,Efectivo
SCZ-00115,20-Jul-2024,Laptop HP Pavilion,1.0,6035.45,SC,María García,Claudia Quispe,claudia.quispe@,Tarjeta Débito
SCZ-00287,2024-09-16,Impresora  HP  DeskJet,4.0,Bs. 1276.67,SCZ,Lucía Condori,Miguel Torrez,miguel.torrez@yahoo.com,
SCZ-00204,05-Jun-2024, SSD Samsung 500GB,4.0,590.28,SC,Pedro Gutiérrez,Pablo García,,Efectivo
SCZ-00176,04-27-2024,Batería  Externa  20000mAh,4.0,,Sta Cruz,Diego Fernández,Javier Mamani,javier.mamani@gmail.com,Efectivo
SCZ-00226,12 de March de 2025,Cargador  Universal  USB-C,,Bs. 136.42,santa cruz,Juan Pérez,Carla Rojas,carla.rojas@hotmail.com,Efectivo
SCZ-00221,19 de February de 2025,laptop dell inspiron,7.0,6307.34,santa cruz,Sofía Choque,Javier Condori,,Transferencia
SCZ-00145,03-03-2025,"Monitor LG 27""",4.0,2627.12,Santa Cruz,Lucía Condori,Claudia Fernández,claudia.fernández@hotmail.com,Efectivo
SCZ-00195,30-Jul-2024,Laptop HP Pavilion,4.0,5756.22,SC,Diego Fernández,Lorena Quispe,lorena.quispe@hotmail.com,Tarjeta Crédito
SCZ-00409,2025-03-19,Cable HDMI 2m  ,4.0,,SC,Carlos Mamani,Silvia Torrez,silvia.torrez@gmail.com,Efectivo
SCZ-00421,"February 19, 2024",Disco Duro Externo 1TB,5.0,Bs.617.9,Sta. Cruz,Carmen Flores,Patricia Gutiérrez,,Efectivo
SCZ-00238,2024/08/05,Tarjeta Gráfica NVIDIA RTX  ,-7.0,4787.61,SCZ,Sofía Choque,Alejandro Vargas,,QR
SCZ-00282,2024/12/13,Procesador AMD Ryzen 5,2.0,BOB 1971.92,SC,Juan Pérez,Eduardo Rojas,,Efectivo
SCZ-00404,2024-05-14,Audífonos  JBL  Tune,1.0,345.32,SANTA CRUZ,Juan Pérez,Mónica García,mónica.garcía@yahoo.com,QR
SCZ-00281,2025/01/04,Audífonos  JBL  Tune,7.0,416.17,Sta Cruz,Valentina Morales,Mónica Condori,mónica.condori@outlook.com,Tarjeta Crédito
SCZ-00142,29-May-2024,Memoria USB 128GB  ,3.0,154.25,Santa Cruz,Carlos Mamani,Lorena López,,Transferencia
SCZ-00405,09-02-2024,"Monitor LG 27""",2.0,,Sta. Cruz,María García,Eduardo Vargas,eduardo.vargasgmail.com,
SCZ-00068,05-Jun-2024," Monitor Samsung 24""",3.0,1837.74,Sta Cruz,Valentina Morales,Daniela Flores,daniela.flores@gmail.com,Efectivo
SCZ-00297,"March 26, 2024",adaptador hdmi a vga,1.0,71.25,SC,,Lorena Flores,,Tarjeta Crédito
SCZ-00228,02-23-2024,Laptop Lenovo ThinkPad,2.0,8870.43 Bs,Santa Cruz,Sofía Choque,Verónica Choque,verónica.choque@ucb.edu.bo,Tarjeta Débito
SCZ-00169,10-04-2024,Impresora  HP  DeskJet,3.0,1268.0,SC,Pedro Gutiérrez,Sebastián López,sebastián.lópez@ucb.edu.bo,Transferencia
SCZ-00189,11/11/2024,audífonos jbl tune,5.0,Bs. 435.12,SC,Sofía Choque,Silvia Fernández,@outlook.com,
SCZ-00496,12/05/2024,Disco  Duro  Externo  1TB,,489.51,Santa Cruz,Diego Fernández,Miguel Quispe,miguel.quispe@ucb.edu.bo,Efectivo
SCZ-00416,2024/02/05,Laptop Dell Inspiron,5.0,,Sta. Cruz,María García,Daniela Morales,daniela.morales@hotmail.com,
SCZ-00417,2024/03/15,Laptop Lenovo ThinkPad,5.0,,Sta. Cruz,José Ríos,Daniela Torrez,daniela.torrez@yahoo.com,
SCZ-00194,02-Nov-2024,Audífonos Sony WH-1000,7.0,2425.36,SC,José Ríos,Martín Quispe,martín.quispe@hotmail.com,Tarjeta Crédito
SCZ-00082,22/02/2024,Laptop Dell Inspiron,4.0,6176.62,SCZ,María García,Natalia Condori,natalia.condori@outlook.com,Tarjeta Crédito
SCZ-00110,"March 28, 2025",ssd samsung 500gb,6.0,446.86,santa cruz,María García,Fernando Rojas,fernando.rojas@gmail.com,QR
SCZ-00321,11-Jan-2024,tarjeta gráfica nvidia rtx,2.0,Bs. 3829.24,SCZ,,Carla Mendoza,carla.mendoza@ucb.edu.bo,
SCZ-00146,2024/12/19,Laptop Lenovo ThinkPad,5.0,7028.92,Sta. Cruz,,Silvia Morales,silvia.morales @outlook.com,QR
SCZ-00093,19-Jun-2024,"Monitor LG 27""",1.0,2678.39,SANTA CRUZ,Valentina Morales,Claudia Choque,claudia.choque@outlook.com,QR
SCZ-00153,08 de February de 2025,Mouse Gamer Razer  ,5.0,508.92,SANTA CRUZ,Carmen Flores,Gabriela García,gabriela.garcía@gmail.com,Transferencia
SCZ-00262,"July 13, 2024",LAPTOP HP PAVILION,5.0,,SCZ,Diego Fernández,Martín Morales,martín.morales@yahoo.com,Transferencia
SCZ-00435,2025/01/25,impresora hp deskjet,7.0,Bs.1361.2,SCZ,Diego Fernández,Martín Vargas,martín.vargas@yahoo.com,Transferencia
SCZ-00448,"November 17, 2024", Mouse Gamer Razer,5.0,398.62,Sta Cruz,Lucía Condori,Patricia Mendoza,patricia.mendoza@yahoo.com,Transferencia
SCZ-00395,15/01/2024,mouse inalámbrico logitech,5.0,184.82,SCZ,Pedro Gutiérrez,Miguel Fernández,miguel.fernández@,Tarjeta Débito
SCZ-00084,"November 21, 2024",Tablet Samsung Galaxy Tab,6.0,3197.57,SANTA CRUZ,Valentina Morales,Mónica López,mónica.lópez@hotmail.com,Transferencia
SCZ-00104,31 de January de 2024,CARGADOR UNIVERSAL USB-C,7.0,131.96,SC,María García,Verónica Choque,verónica.choque@yahoo.com,Transferencia
SCZ-00166,10 de November de 2024,SSD Samsung 500GB  ,6.0,547.45,SCZ,Sofía Choque,Carla Vargas,carla.vargas@hotmail.com,Transferencia
SCZ-00164,2025-03-25,Audífonos Sony WH-1000,,Bs.2220.0,Santa Cruz,Roberto López,Martín Quispe,,QR
SCZ-00200,2024-09-21,kit limpieza pantalla,3.0,37.42,Sta Cruz,Ana Quispe,Alejandro Morales,alejandro.morales@outlook.com,QR
SCZ-00330,03 de April de 2024,TABLET SAMSUNG GALAXY TAB,4.0,,Sta. Cruz,Juan Pérez,Lorena Gutiérrez,,Efectivo
SCZ-00075,06-27-2024,Hub USB 4 puertos,1.0,Bs. 87.02,SC,Juan Pérez,Miguel García,,QR
SCZ-00342,2025-03-18, Procesador AMD Ryzen 5,3.0,1863.15,santa cruz,Carmen Flores,Javier Fernández,javier.fernández@ucb.edu.bo,Tarjeta Débito
SCZ-00258,24/07/2024," Funda para Laptop 15""",4.0,165.63,Santa Cruz,Ana Quispe,Eduardo Quispe,eduardo.quispe@ucb.edu.bo,QR
SCZ-00031,"October 16, 2024","Monitor Samsung 24""  ",2.0,Bs.1617.98,SCZ,,Silvia Salazar,silvia.salazar@hotmail.com,Tarjeta Crédito
SCZ-00120,2024-05-10,Hub  USB  4  puertos,-6.0,93.93,SC,Valentina Morales,Verónica Condori,verónica.condori@yahoo.com,Transferencia
SCZ-00311,"December 04, 2024",audífonos jbl tune,3.0,388.99,SC,Sofía Choque,Patricia Torrez,patricia.torrez@ucb.edu.bo,Tarjeta Crédito
SCZ-00349,29 de March de 2025,Impresora HP DeskJet  ,4.0,1099.23,Santa Cruz,Carlos Mamani,Carla López,carla.lópez@outlook.com,Tarjeta Crédito
SCZ-00393,"September 07, 2024",Audífonos  JBL  Tune,,391.17,Sta. Cruz,Carlos Mamani,Miguel Choque,,Tarjeta Crédito
SCZ-00442,23/07/2024,Audífonos Sony WH-1000,3.0,2326.33,SCZ,María García,Martín Rojas,martín.rojas@outlook.com,Transferencia
SCZ-00423,25/03/2024,Webcam  Logitech  C920,1.0,699.16,Santa Cruz,Lucía Condori,Fernando López,fernando.lópez@hotmail.com,Efectivo
SCZ-00275,2030-10-16,Router WiFi TP-Link,1.0,bs. 422.36,Santa Cruz,Roberto López,Silvia Torrez,silvia.torrez@hotmail.com,QR
SCZ-00365,2024-11-22,"Monitor  Samsung  24""",3.0,,Santa Cruz,,Martín Quispe,martín.quispe@,QR
SCZ-00424,20/11/2024,Mouse Inalámbrico Logitech,5.0,182.91,Sta. Cruz,Lucía Condori,Ricardo García,ricardo.garcía@,Tarjeta Débito
SCZ-00303,09-01-2024,"Monitor Samsung 24""",3.0,bs. 1660.41,Sta. Cruz,Carmen Flores,Verónica Vargas,verónica.vargas@hotmail.com,Tarjeta Débito
SCZ-00037,2024-04-08,"Monitor  LG  27""",4.0,2193.4,SC,Valentina Morales,Natalia Flores,natalia.flores@outlook.com,
SCZ-00140,09/01/2025,Impresora HP DeskJet,2.0,1105.27,Santa Cruz,Sofía Choque,Andrés Choque,andrés.choque@gmail.com,Tarjeta Crédito
SCZ-00254,"September 29, 2024",LAPTOP DELL INSPIRON,2.0,6157.03,SC,Juan Pérez,Sebastián Rojas,sebastián.rojas@ucb.edu.bo,
SCZ-00389,2024/12/22,Kit Limpieza Pantalla,6.0,Bs 39,SCZ,José Ríos,Verónica Mamani,verónica.mamani@hotmail.com,Transferencia
SCZ-00060,21 de January de 2025, Tarjeta Gráfica NVIDIA RTX,7.0,bs. 5063.48,SCZ,Sofía Choque,Pablo Salazar,pablo.salazar@ucb.edu.bo,
SCZ-00112,2030-11-12,"Funda para Laptop 15""",6.0,136.52,SC,Lucía Condori,Silvia Mendoza,silvia.mendoza@,Transferencia
SCZ-00291,2025/03/26,Tablet iPad Air  ,6.0,Bs.4318.01,SANTA CRUZ,Lucía Condori,Andrés Torrez,andrés.torrez@ucb.edu.bo,QR
SCZ-00355,11-09-2024,impresora epson l3250,2.0,1813.42,SC,,Andrés Flores,andrés.flores@yahoo.com,Efectivo
SCZ-00263,25 de April de 2024,Procesador AMD Ryzen 5,1.0,1725.58,SC,Diego Fernández,Javier López,,Transferencia
SCZ-00400,03-Aug-2024,tablet ipad air,6.0,4561.24,santa cruz,Carmen Flores,Andrés Mamani,andrés.mamani@yahoo.com,Tarjeta Crédito
SCZ-00151,13/05/2024,kit limpieza pantalla,7.0,,santa cruz,María García,Fernando Gutiérrez,,Tarjeta Débito
SCZ-00267,2024-12-22,Parlante  Bluetooth  JBL,3.0,856.64,SC,José Ríos,Daniela Mamani,daniela.mamani@gmail.com,Efectivo
SCZ-00422,04-07-2024,Adaptador HDMI a VGA,1.0,64.49,SCZ,Sofía Choque,Mónica Fernández,mónica.fernández @ucb.edu.bo,Transferencia
SCZ-00039,01 de May de 2024,Hub USB 4 puertos,5.0,107.75,santa cruz,,Gabriela López,@ucb.edu.bo,QR
SCZ-00348,"December 02, 2024",Laptop Lenovo ThinkPad  ,2.0,7503.89,SCZ,,Fernando Condori,fernando.condori@outlook.com,QR
SCZ-00199,07-19-2024,Cargador  Universal  USB-C,7.0,Bs 118,SANTA CRUZ,,Silvia Torrez,silvia.torrez@gmail.com,Efectivo
SCZ-00285,2025-01-24,AUDÍFONOS SONY WH-1000,1.0,2389.68,SANTA CRUZ,Valentina Morales,Sebastián Flores,sebastián.flores@gmail.com,Tarjeta Crédito
SCZ-00147,03 de February de 2025,memoria usb 128gb,6.0,134.36,santa cruz,,Natalia Morales,,Efectivo
SCZ-00434,04-May-2024,Cable  HDMI  2m,1.0,Bs.45.64,Sta. Cruz,Juan Pérez,Eduardo López,,Tarjeta Débito
SCZ-00148,28 de May de 2024,Kit Limpieza Pantalla,1.0,BOB 31.42,SCZ,Diego Fernández,Silvia Fernández,silvia.fernández@hotmail.com,Tarjeta Débito
SCZ-00450,"June 29, 2024",Tarjeta Gráfica NVIDIA RTX,-2.0,4580.66,SANTA CRUZ,Carlos Mamani,Ricardo Flores,ricardo.flores@,Tarjeta Débito
SCZ-00486,14/06/2024,Adaptador HDMI a VGA  ,,BOB 69.12,santa cruz,Diego Fernández,Patricia Salazar,patricia.salazar@gmail.com,
SCZ-00124,04-20-2024,Adaptador HDMI a VGA,7.0,74.15,SANTA CRUZ,Roberto López,Carla Morales,carla.morales@gmail.com,Efectivo
SCZ-00408,14-Mar-2025,Mouse Gamer Razer,6.0,Bs.393.51,Santa Cruz,Pedro Gutiérrez,Mónica Quispe,mónica.quispe@gmail.com,QR
SCZ-00097,10-19-2024,"Funda para Laptop 15""",7.0,BOB 155.1,santa cruz,José Ríos,Ricardo Rojas,ricardo.rojas@outlook.com,
SCZ-00144,02-05-2024,Impresora Epson L3250,1.0,Bs. 1578.22,santa cruz,María García,Claudia López,claudia.lópez@gmail.com,QR
SCZ-00240,"October 29, 2024",LAPTOP LENOVO THINKPAD,4.0,7921.84,Santa Cruz,Pedro Gutiérrez,Lorena Quispe,lorena.quispe@yahoo.com,Efectivo
SCZ-00302,"July 10, 2024",CARGADOR UNIVERSAL USB-C,7.0,,Sta Cruz,Roberto López,Natalia Torrez,,Tarjeta Débito
SCZ-00098,03/03/2024,adaptador hdmi a vga,-2.0,71.36,Sta. Cruz,Diego Fernández,Pablo Torrez,pablo.torrez@,Efectivo
SCZ-00437,26-Sep-2024, Adaptador HDMI a VGA,6.0,Bs.57.83,Sta Cruz,Carmen Flores,Silvia Fernández,silvia.fernándezgmail.com,Efectivo
SCZ-00294,27-Feb-2025,Audífonos JBL Tune,2.0,394.98,SANTA CRUZ,Juan Pérez,Martín Choque,martín.choque@gmail.com,Transferencia
SCZ-00389,2024/12/22,Kit Limpieza Pantalla,6.0,,SCZ,José Ríos,Verónica Mamani,verónica.mamani@hotmail.com,Transferencia
SCZ-00123,12-Aug-2024,Disco Duro Externo 1TB,7.0,552.08,Sta. Cruz,Pedro Gutiérrez,Fernando Choque,fernando.choque@outlook.com,QR
SCZ-00184,19/12/2024,Adaptador HDMI a VGA,6.0,,SCZ,María García,Sebastián Flores,sebastián.flores@gmail.com,Tarjeta Débito
SCZ-00203,2024-10-27,mouse gamer razer,6.0,502.99,SANTA CRUZ,Carlos Mamani,Martín Morales,martín.morales@outlook.com,
SCZ-00247,2024/04/13," Monitor Samsung 24""",2.0,,SCZ,Diego Fernández,Fernando Torrez,fernando.torrez@gmail.com,Transferencia
SCZ-00339,29 de March de 2024,Router WiFi TP-Link,1.0,378.84,santa cruz,Lucía Condori,Gabriela Mendoza,gabriela.mendoza@yahoo.com,Transferencia
SCZ-00491,18 de September de 2024,HUB USB 4 PUERTOS,-2.0,90.14,Santa Cruz,Lucía Condori,Eduardo García,eduardo.garcía@,Tarjeta Crédito
SCZ-00463,24-Aug-2024,Parlante Bluetooth JBL  ,5.0,893.68,SC,Roberto López,Javier Mamani,javier.mamani@yahoo.com,Tarjeta Débito
SCZ-00332,2024-08-19,TABLET SAMSUNG GALAXY TAB,3.0,3370.3,SC,Sofía Choque,Verónica Mendoza,verónica.mendoza@yahoo.com,Tarjeta Débito
SCZ-00438,02/03/2024,Disco  Duro  Externo  1TB,2.0,BOB 535.66,Sta. Cruz,Valentina Morales,Eduardo Mendoza,eduardo.mendoza@yahoo.com,Efectivo
SCZ-00313,2025/02/05,Adaptador HDMI a VGA,7.0,67.9,Sta Cruz,Juan Pérez,Mónica Morales,mónica.morales @yahoo.com,QR
SCZ-00126,"June 19, 2024",Mouse  Gamer  Razer,-4.0,472.11,SCZ,Sofía Choque,Natalia Mamani,natalia.mamani@gmail.com..,QR
SCZ-00335,27 de February de 2024,webcam logitech c920,6.0,580.24,santa cruz,Juan Pérez,Eduardo Flores,eduardo.flores@outlook.com,Tarjeta Débito
SCZ-00224,29/01/2025, Router WiFi TP-Link,4.0,,Santa Cruz,Carmen Flores,Miguel Vargas,miguel.vargas@ucb.edu.bo,QR
SCZ-00462,06 de May de 2024,Procesador AMD Ryzen 5  ,7.0,BOB 1731.42,Santa Cruz,Roberto López,Miguel Morales,,Transferencia
SCZ-00220,11/08/2024,Impresora HP DeskJet  ,1.0,1294.28,Sta Cruz,Carlos Mamani,Lorena Fernández,lorena.fernández@outlook.com,Tarjeta Débito
SCZ-00130,2024/05/08,Parlante  Bluetooth  JBL,7.0,884.04,Santa Cruz,María García,Claudia Torrez,claudia.torrez@ucb.edu.bo,Efectivo
SCZ-00378,12/02/2024,Router  WiFi  TP-Link,,,santa cruz,Sofía Choque,Pablo Morales,pablo.morales@outlook.com,Tarjeta Crédito
SCZ-00324,"February 17, 2024",Laptop Lenovo ThinkPad,6.0,8543.78,SANTA CRUZ,Pedro Gutiérrez,Mónica Gutiérrez,mónica.gutiérrez@outlook.com,QR
SCZ-00500,2024/06/12, Hub USB 4 puertos,7.0,108.75,Sta. Cruz,Ana Quispe,Sebastián Salazar,sebastián.salazar@hotmail.com,Tarjeta Crédito
SCZ-00418,2025/01/19,impresora hp deskjet,3.0,BOB 1365.41,SC,Pedro Gutiérrez,Claudia Morales,claudia.morales@outlook.com,Tarjeta Crédito
SCZ-00497,11-05-2024,Memoria USB 64GB  ,6.0,83.59,SANTA CRUZ,Ana Quispe,Daniela Condori,daniela.condori@hotmail.com,Transferencia
SCZ-00394,"January 08, 2024",mouse gamer razer,5.0,501.03,SANTA CRUZ,Roberto López,Silvia Salazar,@outlook.com,Efectivo
SCZ-00325,26-Sep-2024," Funda para Laptop 15""",3.0,134.94,Sta Cruz,Lucía Condori,Patricia Vargas,patricia.vargas@gmail.com,Tarjeta Débito
SCZ-00295,2025-02-16,adaptador hdmi a vga,5.0,59.23,SANTA CRUZ,Juan Pérez,Miguel Morales,miguel.morales@hotmail.com,Efectivo
SCZ-00406,2030-03-06,tarjeta gráfica nvidia rtx,1.0,Bs 5035,SCZ,Carmen Flores,Fernando Mamani,fernando.mamani@yahoo.com,Tarjeta Crédito
SCZ-00376,02-16-2025,Laptop Dell Inspiron  ,1.0,6346.0,SANTA CRUZ,Ana Quispe,Silvia Fernández,silvia.fernández@ucb.edu.bo,Efectivo
SCZ-00337,16/10/2024,ssd samsung 500gb,4.0,583.08,Santa Cruz,José Ríos,Fernando Choque,fernando.choque@hotmail.com,Efectivo
SCZ-00113,20/01/2025,Parlante Bluetooth JBL,2.0,891.08,Sta Cruz,Pedro Gutiérrez,Claudia Rojas,claudia.rojas @ucb.edu.bo,Efectivo
SCZ-00180,31/07/2024,"Monitor Samsung 24""",7.0,1761.6,Sta. Cruz,Carmen Flores,Natalia Choque,natalia.choque@outlook.com,
SCZ-00341,2024-08-14,Parlante  Bluetooth  JBL,2.0,722.42,Santa Cruz,Roberto López,Claudia Gutiérrez,,Transferencia
SCZ-00375,03 de March de 2025,Webcam Logitech C920,2.0,642.94,SANTA CRUZ,Juan Pérez,Sebastián Gutiérrez,sebastián.gutiérrez@yahoo.com,Efectivo
SCZ-00366,01-19-2024,TABLET IPAD AIR,5.0,,SCZ,María García,Sebastián Morales,sebastián.morales@hotmail.com,QR
SCZ-00315,2024-06-14,Kit Limpieza Pantalla,5.0,36.5 Bs,santa cruz,Sofía Choque,Fernando Vargas,fernando.vargas@hotmail.com,Tarjeta Crédito
SCZ-00152,25 de March de 2025,ssd samsung 500gb,,590.64,SANTA CRUZ,Roberto López,Alejandro García,alejandro.garcía@gmail.com,Tarjeta Débito
SCZ-00399,06-23-2024,cable hdmi 2m,,42.64,Sta. Cruz,Lucía Condori,Natalia Salazar,natalia.salazar@ucb.edu.bo,Transferencia
SCZ-00234,"February 23, 2024",Mouse  Gamer  Razer,,457.09,SANTA CRUZ,José Ríos,Silvia García,silvia.garcía@hotmail.com,
SCZ-00494,2024-11-22, Impresora HP DeskJet,1.0,1067.98,Sta Cruz,Lucía Condori,Javier Quispe,javier.quispe@gmail.com..,Transferencia
SCZ-00426,2024/04/15,BATERÍA EXTERNA 20000MAH,6.0,Bs 200,Santa Cruz,Lucía Condori,Andrés Gutiérrez,andrés.gutiérrez@outlook.com,Transferencia
SCZ-00165,12 de December de 2024,TABLET IPAD AIR,,,Santa Cruz,,Claudia Quispe,claudia.quispe@ucb.edu.bo,Efectivo
SCZ-00318,04-Nov-2024,mouse inalámbrico logitech,6.0,195.63,Santa Cruz,María García,Natalia Mamani,natalia.mamani@gmail.com,Tarjeta Crédito
SCZ-00137,"February 20, 2024", Tablet Samsung Galaxy Tab,3.0,2966.51,Sta Cruz,Carmen Flores,Martín García,martín.garcía@ucb.edu.bo,Tarjeta Crédito
SCZ-00198,2024/11/29,Kit Limpieza Pantalla,6.0,38.76,Sta Cruz,Carlos Mamani,Silvia Mamani,silvia.mamani@gmail.com,Tarjeta Débito
SCZ-00259,22/09/2024,Tarjeta Gráfica NVIDIA RTX  ,1.0,4128.6,Sta Cruz,Sofía Choque,Sebastián Flores,sebastián.flores@gmail.com,Tarjeta Crédito
SCZ-00233,2024/06/06,Audífonos Sony WH-1000,1.0,2345.06,Santa Cruz,Valentina Morales,Javier López,javier.lópez@yahoo.com,QR
SCZ-00116,"May 01, 2024",impresora epson l3250,1.0,1846.13,SCZ,Diego Fernández,Mónica Salazar,mónica.salazar@hotmail.com..,Efectivo
SCZ-00121,07/02/2025,Procesador AMD Ryzen 5,4.0,1807.56,Santa Cruz,Roberto López,Ricardo García,ricardo.garcía@outlook.com,Tarjeta Débito
SCZ-00387,17-Jan-2024,"Monitor LG 27""",1.0,2482.63,Sta. Cruz,Ana Quispe,Miguel Mendoza,miguel.mendoza@hotmail.com,Tarjeta Débito
SCZ-00225,2024/12/17,Webcam  Logitech  C920,3.0,670.62,Sta Cruz,María García,Daniela Salazar,daniela.salazar@hotmail.com,Efectivo
SCZ-00445,2025/02/03,Teclado Logitech K380,2.0,376.1,SC,Carlos Mamani,Silvia Gutiérrez,silvia.gutiérrez@gmail.com,QR
SCZ-00212,"July 19, 2024",Router WiFi TP-Link,3.0,461.46,Santa Cruz,Juan Pérez,Miguel Vargas,miguel.vargas@yahoo.com,Efectivo
SCZ-00128,"September 01, 2024",TECLADO LOGITECH K380,4.0,,SCZ,María García,Ricardo Mamani,ricardo.mamani@gmail.com,Transferencia
SCZ-00476,2024-08-08,Kit Limpieza Pantalla,2.0,37.99,santa cruz,Sofía Choque,Sebastián Mamani,sebastián.mamani@outlook.com,QR
SCZ-00286,06 de July de 2024,HUB USB 4 PUERTOS,3.0,104.26,Sta Cruz,Valentina Morales,Daniela Choque,daniela.choque@outlook.com,Efectivo
SCZ-00479,27-Mar-2024,Impresora  HP  DeskJet,3.0,1239.67,SCZ,Juan Pérez,Andrés Mamani,,Tarjeta Crédito
SCZ-00407,10-Dec-2024,laptop dell inspiron,3.0,,SCZ,María García,Lorena Quispe,lorena.quispe@ucb.edu.bo,QR
SCZ-00108,2030-12-12,"Funda  para  Laptop  15""",1.0,151.22,Sta Cruz,Ana Quispe,Gabriela Mendoza,gabriela.mendoza@hotmail.com,Tarjeta Débito
SCZ-00210,05/12/2024,Disco Duro Externo 1TB  ,1.0,487.47,santa cruz,Juan Pérez,Mónica Quispe,mónica.quispe@hotmail.com,Efectivo
SCZ-00361,14-Feb-2024, Kit Limpieza Pantalla,6.0,39.15,SC,Carlos Mamani,Pablo Gutiérrez,,Tarjeta Crédito
SCZ-00134,2024-03-05,Disco Duro Externo 1TB,5.0,540.83 Bs,Sta Cruz,Sofía Choque,Natalia Choque,,Tarjeta Débito
SCZ-00403,2025/02/10,Tablet  Samsung  Galaxy  Tab,1.0,3022.41 Bs,SC,Sofía Choque,Javier Rojas,javier.rojas@hotmail.com,Tarjeta Crédito
SCZ-00045,15/02/2024,IMPRESORA HP DESKJET,5.0,1355.78,SANTA CRUZ,Roberto López,Fernando Torrez,,Efectivo
SCZ-00451,20-Oct-2024,Tablet  iPad  Air,1.0,4846.76,santa cruz,Valentina Morales,Natalia Gutiérrez,natalia.gutiérrezgmail.com,Transferencia
SCZ-00066,2024/02/11,Impresora HP DeskJet,1.0,,SC,María García,Mónica Morales,mónica.morales@yahoo.com,Transferencia
SCZ-00284,06-May-2024,Teclado Logitech K380,6.0,324.1,Sta Cruz,,Pablo García,pablo.garcía@yahoo.com,Efectivo
SCZ-00086,11-05-2024,batería externa 20000mah,2.0,210.47,SC,Sofía Choque,Sebastián Mamani,@yahoo.com,Tarjeta Crédito
SCZ-00243,2024-01-13,impresora epson l3250,6.0,1602.62,Sta. Cruz,Ana Quispe,Ricardo Fernández,ricardo.fernández@hotmail.com..,Transferencia
SCZ-00187,03-22-2025,Memoria USB 128GB,1.0,144.24,Sta Cruz,María García,Gabriela Flores,gabriela.flores@yahoo.com,Tarjeta Crédito
SCZ-00425,2024-06-05, Tarjeta Gráfica NVIDIA RTX,1.0,4516.73,Sta Cruz,José Ríos,Daniela Rojas,daniela.rojas@gmail.com,Efectivo
SCZ-00160,27/01/2025,PROCESADOR AMD RYZEN 5,5.0,1666.65,santa cruz,José Ríos,Andrés Mamani,,Tarjeta Débito
SCZ-00013,22-Apr-2024,Laptop  Lenovo  ThinkPad,2.0,7282.03,Sta Cruz,María García,Ricardo Mamani,ricardo.mamani@gmail.com,Transferencia
SCZ-00036,2025/01/31, Router WiFi TP-Link,3.0,476.71,Sta Cruz,Valentina Morales,Pablo Mamani,pablo.mamani@,Transferencia
SCZ-00029,07-10-2024,Mouse Inalámbrico Logitech  ,4.0,159.49,santa cruz,Roberto López,Ricardo Fernández,,Efectivo
SCZ-00171,06/03/2024,Hub USB 4 puertos,6.0,Bs. 104.48,Santa Cruz,,Andrés Torrez,,Efectivo
SCZ-00143,18 de November de 2024,Cable HDMI 2m,,39.66,Santa Cruz,Diego Fernández,Verónica Fernández,verónica.fernández@ucb.edu.bo,Transferencia
SCZ-00441,2024/07/30, Audífonos JBL Tune,6.0,431.54,SC,José Ríos,Ricardo Torrez,ricardo.torrez@hotmail.com,QR
SCZ-00378,12/02/2024,Router  WiFi  TP-Link,2.0,430.78,santa cruz,Sofía Choque,Pablo Morales,pablo.morales@outlook.com,
SCZ-00222,31 de January de 2025,LAPTOP LENOVO THINKPAD,5.0,,Santa Cruz,Carlos Mamani,Martín Quispe,martín.quispe@yahoo.com,Transferencia
SCZ-00096,"January 10, 2025",Impresora Epson L3250,1.0,Bs. 1424.82,santa cruz,Carmen Flores,Mónica García,mónica.garcía@hotmail.com,Tarjeta Crédito
SCZ-00052,2024/07/23,laptop dell inspiron,7.0,5528.22,santa cruz,Sofía Choque,Sebastián Rojas,sebastián.rojas@,Efectivo
SCZ-00241,2024/11/05, Teclado Logitech K380,5.0,375.05,santa cruz,Carmen Flores,Alejandro García,alejandro.garcía@ucb.edu.bo,Transferencia
SCZ-00412,"April 12, 2024",Tarjeta  Gráfica  NVIDIA  RTX,6.0,BOB 4029.35,santa cruz,Diego Fernández,Claudia Gutiérrez,claudia.gutiérrez@ucb.edu.bo,Efectivo
SCZ-00352,09-27-2024,Cable  HDMI  2m,4.0,Bs. 41.92,santa cruz,Ana Quispe,Claudia Choque,claudia.choque@gmail.com,Efectivo
SCZ-00468,11/09/2024,AUDÍFONOS SONY WH-1000,4.0,2113.77,SCZ,José Ríos,Javier Quispe,javier.quispe@outlook.com,Tarjeta Crédito
SCZ-00179,2024-05-05,"Monitor Samsung 24""",-1.0,Bs. 1651.62,SC,Ana Quispe,Miguel Gutiérrez,miguel.gutiérrez@hotmail.com,Efectivo
SCZ-00432,16 de July de 2024,parlante bluetooth jbl,5.0,BOB 862.82,SCZ,Ana Quispe,Ricardo Mamani,ricardo.mamani@yahoo.com,Tarjeta Débito
SCZ-00042,21 de June de 2024,tablet ipad air,3.0,Bs. 5081.39,SCZ,Juan Pérez,Javier Torrez,,Transferencia
SCZ-00482,"October 05, 2024",laptop lenovo thinkpad,,,santa cruz,Ana Quispe,Eduardo Mamani,eduardo.mamani@outlook.com,
SCZ-00429,10-Mar-2025,Audífonos JBL Tune,6.0,,SC,Carlos Mamani,Pablo Fernández,,Efectivo
SCZ-00207,"October 21, 2024","Funda para Laptop 15""",6.0,155.27 Bs,Sta Cruz,Diego Fernández,Eduardo Mendoza,eduardo.mendoza@hotmail.com,Efectivo
SCZ-00283,2024-03-09,impresora epson l3250,3.0,1696.93,SC,Valentina Morales,Sebastián Quispe,sebastián.quispe@yahoo.com,Tarjeta Débito
SCZ-00359,"May 30, 2024",Kit Limpieza Pantalla  ,4.0,33.26,Sta. Cruz,Ana Quispe,Lorena Mendoza,lorena.mendoza@hotmail.com,Tarjeta Crédito
SCZ-00255,"March 21, 2024",MOUSE INALÁMBRICO LOGITECH,6.0,195.36,santa cruz,Valentina Morales,Silvia Morales,silvia.morales@hotmail.com,
SCZ-00456,31/08/2024,SSD SAMSUNG 500GB,1.0,514.74,SCZ,Ana Quispe,Natalia Choque,natalia.choque@yahoo.com,Transferencia
SCZ-00005,22/01/2025, Mouse Gamer Razer,5.0,509.33,Sta. Cruz,Sofía Choque,Gabriela Mendoza,gabriela.mendoza@hotmail.com,QR
SCZ-00257,13 de March de 2025, Audífonos Sony WH-1000,7.0,2367.81,SCZ,,Gabriela Condori,gabriela.condori @gmail.com,Tarjeta Crédito
SCZ-00496,12/05/2024,Disco  Duro  Externo  1TB,,489.51,Santa Cruz,Diego Fernández,Miguel Quispe,miguel.quispe@ucb.edu.bo,Efectivo
SCZ-00101,29/01/2025,"MONITOR LG 27""",,Bs 2186,santa cruz,Roberto López,Gabriela Morales,gabriela.morales@outlook.com,Transferencia
SCZ-00227,"August 12, 2024",Memoria  USB  128GB,5.0,160.53,Sta. Cruz,Lucía Condori,Claudia Condori,claudia.condori@yahoo.com,Tarjeta Crédito
SCZ-00471,2025-03-23,MEMORIA USB 64GB,1.0,Bs 80,santa cruz,Carmen Flores,Natalia Mendoza,natalia.mendoza@outlook.com,Tarjeta Débito
SCZ-00214,13-Mar-2025,PARLANTE BLUETOOTH JBL,7.0,801.13 Bs,Sta Cruz,Carmen Flores,Sebastián Quispe,sebastián.quispe@outlook.com,QR
SCZ-00466,14 de March de 2024,Cargador Universal USB-C,6.0,137.39,santa cruz,Pedro Gutiérrez,Sebastián Flores,sebastián.flores@ucb.edu.bo,QR
SCZ-00172,15 de March de 2024, Webcam Logitech C920,4.0,Bs.704.68,SANTA CRUZ,Lucía Condori,Lorena Condori,lorena.condori@yahoo.com,Transferencia
SCZ-00099,08-Apr-2024,Audífonos Sony WH-1000,3.0,1971.57,Sta. Cruz,Sofía Choque,Silvia Choque,silvia.choquegmail.com,Transferencia
SCZ-00293,01-11-2024,Batería Externa 20000mAh  ,6.0,214.37,SCZ,Carlos Mamani,Carla Gutiérrez,,Tarjeta Crédito
SCZ-00216,2030-04-23,Laptop  HP  Pavilion,2.0,4793.32,SCZ,Juan Pérez,Silvia Condori,silvia.condori@ucb.edu.bo,Transferencia
SCZ-00062,05-19-2024,Memoria  USB  128GB,6.0,149.15,SCZ,Lucía Condori,Martín Mamani,martín.mamani@hotmail.com,
SCZ-00048,2024-03-25,Memoria USB 128GB,5.0,Bs.161.56,Santa Cruz,María García,Carla Flores,carla.flores@gmail.com,Tarjeta Crédito
SCZ-00033,31/01/2025,Adaptador HDMI a VGA  ,3.0,Bs.71.73,Sta Cruz,Pedro Gutiérrez,Natalia Salazar,natalia.salazargmail.com,QR
SCZ-00268,2025-02-10,Disco Duro Externo 1TB  ,3.0,502.71,SANTA CRUZ,Carlos Mamani,Miguel Torrez,miguel.torrez@gmail.com,Efectivo
SCZ-00328,2030-12-21,impresora hp deskjet,1.0,,Sta Cruz,Valentina Morales,Patricia Mamani,patricia.mamani@gmail.com,Tarjeta Crédito
SCZ-00201,2030-02-02,Mouse Gamer Razer,,,Sta Cruz,María García,Andrés Torrez,andrés.torrez@gmail.com,Transferencia
SCZ-00493,2024/02/26,Laptop HP Pavilion  ,2.0,5614.35,Santa Cruz,Carlos Mamani,Claudia Fernández,claudia.fernández @ucb.edu.bo,Tarjeta Crédito
SCZ-00028,26-Apr-2024,"Monitor LG 27""",1.0,2660.95,SANTA CRUZ,Juan Pérez,Andrés Vargas,andrés.vargasgmail.com,Transferencia
SCZ-00472,02/09/2024,Tarjeta Gráfica NVIDIA RTX  ,5.0,4983.11,Santa Cruz,Ana Quispe,Silvia Salazar,,QR
SCZ-00231,2024/10/16,IMPRESORA HP DESKJET,2.0,1306.03,santa cruz,María García,Javier Torrez,,Tarjeta Débito
SCZ-00261,2025/02/02,Webcam Logitech C920,1.0,BOB 592.88,Santa Cruz,Carlos Mamani,Mónica García,mónica.garcía@ucb.edu.bo,Transferencia
SCZ-00379,08/02/2024,memoria usb 64gb,3.0,74.52,santa cruz,Lucía Condori,Pablo Vargas,pablo.vargas@yahoo.com,Efectivo
SCZ-00289,2024-10-09,Batería Externa 20000mAh  ,7.0,207.31,SANTA CRUZ,,Verónica Gutiérrez,verónica.gutiérrez@gmail.com,Tarjeta Débito
SCZ-00163,20/02/2024,Bateria Externa 20000mAh,6.0,192.45,SCZ,Sofía Choque,Sebastián Choque,,Efectivo
SCZ-00392,2024-12-16,MEMORIA USB 64GB,3.0,Bs 72,Santa Cruz,,Carla Gutiérrez,carla.gutiérrez@outlook.com,Tarjeta Crédito
SCZ-00469,22 de February de 2025,Procesador AMD Ryzen 5,,1682.45,SC,María García,Carla Choque,carla.choque@hotmail.com,Efectivo
SCZ-00139,22-Mar-2025,Mouse  Inalámbrico  Logitech,4.0,197.05,SANTA CRUZ,Valentina Morales,Eduardo Choque,eduardo.choque@ucb.edu.bo,Tarjeta Crédito
SCZ-00063,10 de January de 2024,Procesador AMD Ryzen 5,5.0,Bs. 1604.97,Sta Cruz,Sofía Choque,Ricardo Gutiérrez,,Tarjeta Crédito
SCZ-00136,2024/09/27,"monitor samsung 24""",-3.0,1534.08,santa cruz,Pedro Gutiérrez,Sebastián Gutiérrez,sebastián.gutiérrez@hotmail.com,QR
SCZ-00129,08-Feb-2024,SSD Samsung 500GB  ,6.0,464.39,santa cruz,,Martín Rojas,martín.rojas@hotmail.com,Tarjeta Débito
SCZ-00357,06/03/2025,TABLET SAMSUNG GALAXY TAB,4.0,2984.23,SC,Sofía Choque,Martín Choque,martín.choque@outlook.com,QR
SCZ-00009,2024/07/25,Audífonos Sony WH-1000,-3.0,2077.47,Sta. Cruz,Roberto López,Martín Choque,martín.choque@hotmail.com,Transferencia
SCZ-00327,06 de May de 2024,SSD Samsung 500GB  ,7.0,,SCZ,Ana Quispe,Andrés Salazar,,
SCZ-00345,26-Jul-2024,Impresora HP DeskJet,2.0,1149.0,Sta Cruz,Sofía Choque,Claudia Mendoza,claudia.mendoza@gmail.com,
SCZ-00065,"November 23, 2024",Adaptador HDMI a VGA  ,6.0,59.85,Sta. Cruz,Ana Quispe,Sebastián Flores,sebastián.flores@ucb.edu.bo,Efectivo
SCZ-00301,"November 12, 2024",Bateria Externa 20000mAh,2.0,240.0,SCZ,Carlos Mamani,Martín Flores,martín.flores@outlook.com,Transferencia
SCZ-00015,05/07/2024,batería externa 20000mah,3.0,240.43,SC,Ana Quispe,Daniela Torrez,,Efectivo
SCZ-00157,"March 26, 2024",ADAPTADOR HDMI A VGA,6.0,,SCZ,Roberto López,Ricardo Mendoza,ricardo.mendoza @hotmail.com,Tarjeta Débito
SCZ-00041,2024/11/12, Mouse Gamer Razer,4.0,421.07,Sta. Cruz,,Andrés Gutiérrez,andrés.gutiérrez@gmail.com,Tarjeta Débito
SCZ-00380,2024-08-07, Audífonos JBL Tune,7.0,403.0,Sta Cruz,Carlos Mamani,Alejandro Condori,@yahoo.com,Transferencia
SCZ-00125,15/03/2025,Mouse Gamer Razer  ,6.0,428.0,SCZ,Roberto López,Patricia Torrez,patricia.torrez@yahoo.com,QR
SCZ-00452,15-Apr-2024,Laptop Dell Inspiron  ,1.0,6510.04,SC,Carmen Flores,Patricia Quispe,,Efectivo
SCZ-00217,"February 21, 2025",MOUSE GAMER RAZER,,448.05 Bs,Sta Cruz,José Ríos,Lorena García,lorena.garcía@outlook.com,Transferencia
SCZ-00410,09/03/2024,Webcam Logitech C920  ,5.0,692.93,Sta Cruz,Pedro Gutiérrez,Ricardo García,ricardo.garcía@hotmail.com,Transferencia
SCZ-00280,10-10-2024,Impresora HP DeskJet,1.0,1099.37,Sta. Cruz,Valentina Morales,Alejandro Mamani,alejandro.mamani@ucb.edu.bo,Efectivo
SCZ-00481,"June 06, 2024","MONITOR LG 27""",,2192.92,Santa Cruz,Juan Pérez,Natalia García,natalia.garcía@ucb.edu.bo,Tarjeta Crédito
SCZ-00477,06-30-2024,Webcam Logitech C920,6.0,Bs 747,Sta Cruz,Pedro Gutiérrez,Ricardo Morales,ricardo.morales@ucb.edu.bo,
SCZ-00338,2024/06/11,DISCO DURO EXTERNO 1TB,7.0,615.27,SC,Diego Fernández,Natalia Flores,natalia.flores@ucb.edu.bo,Efectivo
SCZ-00237,2024-06-10,Hub USB 4 puertos,3.0,91.5,SANTA CRUZ,Juan Pérez,Natalia García,natalia.garcía@outlook.com,Tarjeta Débito
SCZ-00208,2025-01-31, Mouse Inalámbrico Logitech,7.0,,SANTA CRUZ,,Sebastián Mendoza,sebastián.mendoza@yahoo.com,
SCZ-00213,2024-09-24,Kit  Limpieza  Pantalla,5.0,33.35,SCZ,Lucía Condori,Fernando Rojas,fernando.rojasgmail.com,QR
SCZ-00296,01-17-2024,KIT LIMPIEZA PANTALLA,7.0,BOB 32.41,SCZ,Sofía Choque,Sebastián Flores,sebastián.flores@yahoo.com,Efectivo
SCZ-00105,"June 03, 2024",impresora epson l3250,-4.0,1466.08,SC,Valentina Morales,Eduardo Flores,eduardo.floresgmail.com,Efectivo
SCZ-00252,27-Jul-2024,Laptop HP Pavilion,7.0,,Sta Cruz,Valentina Morales,Lorena Rojas,lorena.rojas@ucb.edu.bo,Efectivo
SCZ-00337,2030-05-20,ssd samsung 500gb,4.0,583.08,Santa Cruz,José Ríos,Fernando Choque,fernando.choque@hotmail.com,Efectivo
SCZ-00395,15/01/2024,mouse inalámbrico logitech,5.0,184.82,SCZ,Pedro Gutiérrez,Miguel Fernández,miguel.fernández@,Tarjeta Débito
SCZ-00304,2025/01/29,TABLET IPAD AIR,4.0,,Sta. Cruz,Lucía Condori,Martín Mamani,martín.mamani@hotmail.com,Efectivo
SCZ-00351,29/02/2024,Mouse Inalámbrico Logitech  ,6.0,176.29,SC,Lucía Condori,Gabriela Rojas,gabriela.rojas@ucb.edu.bo,
SCZ-00270,12 de February de 2024,cargador universal usb-c,2.0,120.04,SCZ,,Silvia Condori,silvia.condori@hotmail.com,Tarjeta Crédito
SCZ-00074,2024/06/02,PARLANTE BLUETOOTH JBL,3.0,775.52,Sta Cruz,José Ríos,Andrés Condori,andrés.condori@outlook.com,QR
SCZ-00202,2024-11-20,Parlante Bluetooth JBL  ,1.0,670.64,Santa Cruz,Sofía Choque,Lorena García,lorena.garcía@ucb.edu.bo,Efectivo
SCZ-00162,2025/03/10,Impresora HP DeskJet,5.0,,Sta Cruz,Diego Fernández,Fernando Morales,fernando.morales@gmail.com,Tarjeta Crédito
SCZ-00044,15-May-2024,"Funda  para  Laptop  15""",4.0,151.62,santa cruz,Carmen Flores,Mónica Vargas,mónica.vargas@outlook.com,Transferencia
SCZ-00218,02-Jun-2024,"monitor samsung 24""",2.0,1609.41,Santa Cruz,Roberto López,Carla Fernández,carla.fernández@yahoo.com,Tarjeta Débito
SCZ-00402,"February 22, 2025",Memoria USB 64GB,,77.82,Sta Cruz,Diego Fernández,Javier Mendoza,javier.mendoza@outlook.com,Tarjeta Crédito
SCZ-00191,2024/06/06,parlante bluetooth jbl,2.0,BOB 823.73,SCZ,Ana Quispe,Javier Quispe,,Tarjeta Débito
SCZ-00310,2024/10/17,memoria usb 64gb,-4.0,68.13,SANTA CRUZ,Roberto López,Daniela Salazar,daniela.salazar@hotmail.com,Transferencia
SCZ-00260,2024/04/08,Parlante  Bluetooth  JBL,4.0,860.93,Sta. Cruz,Ana Quispe,Natalia Choque,natalia.choque@yahoo.com,Tarjeta Débito
SCZ-00106,14/11/2024, Laptop Dell Inspiron,4.0,,Sta. Cruz,Juan Pérez,Martín Mendoza,martín.mendoza@ucb.edu.bo..,
SCZ-00054,01/01/2024,Teclado Logitech K380  ,2.0,Bs. 331.27,Sta. Cruz,Sofía Choque,Ricardo Flores,ricardo.flores@outlook.com,Tarjeta Crédito
SCZ-00390,14/09/2024, Disco Duro Externo 1TB,3.0,591.6,santa cruz,José Ríos,Silvia Gutiérrez,silvia.gutiérrezgmail.com,Tarjeta Débito
SCZ-00002,09-Dec-2024,Laptop Dell Inspiron  ,1.0,6073.42,Sta Cruz,Valentina Morales,Natalia Mendoza,natalia.mendoza @hotmail.com,QR
SCZ-00488,"February 14, 2024",TECLADO LOGITECH K380,6.0,330.02,Sta. Cruz,Valentina Morales,Pablo Mendoza,,Tarjeta Crédito
SCZ-00360,15 de April de 2024,IMPRESORA HP DESKJET,1.0,1167.04,SANTA CRUZ,,Ricardo Rojas,ricardo.rojas@outlook.com,QR
SCZ-00050,2024/04/12,cargador universal usb-c,2.0,105.28,SCZ,Lucía Condori,Daniela Vargas,,Efectivo
SCZ-00420,22 de March de 2025,Impresora  Epson  L3250,1.0,,Santa Cruz,Lucía Condori,Lorena Torrez,lorena.torrez@ucb.edu.bo,Tarjeta Crédito
SCZ-00081,2024/07/06,ADAPTADOR HDMI A VGA,4.0,BOB 62.33,SANTA CRUZ,Roberto López,Mónica Quispe,mónica.quispe@gmail.com,Efectivo
SCZ-00206,2024-05-21,Mouse Gamer Razer,5.0,389.18,santa cruz,Carmen Flores,Fernando Torrez,fernando.torrez@outlook.com,Efectivo
SCZ-00035,2024-02-05,memoria usb 64gb,7.0,70.47,Sta. Cruz,Ana Quispe,Mónica Mamani,mónica.mamani@ucb.edu.bo,Efectivo
SCZ-00431,2024/10/20,memoria usb 128gb,6.0,Bs.142.18,SANTA CRUZ,Juan Pérez,Carla Gutiérrez,carla.gutiérrez@gmail.com,QR
SCZ-00264,30 de July de 2024,Adaptador  HDMI  a  VGA,6.0,63.36,Santa Cruz,María García,Fernando Condori,fernando.condori@outlook.com,Transferencia
SCZ-00428,19/09/2024,audífonos jbl tune,6.0,353.45,SCZ,José Ríos,Claudia Fernández,claudia.fernández@hotmail.com,QR
SCZ-00455,"March 21, 2025",Tarjeta Grafica NVIDIA RTX,3.0,Bs. 4654.15,Sta Cruz,María García,Daniela Mamani,,QR
SCZ-00444,2025-01-07,"Monitor Samsung 24""",5.0,Bs.1540.81,SANTA CRUZ,Diego Fernández,Miguel Mendoza,miguel.mendoza@outlook.com,QR
SCZ-00367,2030-12-26,Router WiFi TP-Link,,435.79,Santa Cruz,Roberto López,Silvia Fernández,silvia.fernández@outlook.com,Transferencia
SCZ-00092,10-Aug-2024,Cable  HDMI  2m,2.0,43.17,SANTA CRUZ,María García,Silvia Gutiérrez,silvia.gutiérrez@yahoo.com,Tarjeta Crédito
SCZ-00340,2024-09-06,disco duro externo 1tb,2.0,,santa cruz,José Ríos,Carla García,carla.garcía@,Tarjeta Débito
SCZ-00491,18 de September de 2024,HUB USB 4 PUERTOS,-2.0,90.14,Santa Cruz,Lucía Condori,Eduardo García,eduardo.garcía@,Tarjeta Crédito
SCZ-00053,12-17-2024,Laptop Lenovo ThinkPad  ,5.0,7025.31,SANTA CRUZ,Lucía Condori,Fernando Rojas,fernando.rojas@ucb.edu.bo,Transferencia
SCZ-00346,05-Nov-2024,DISCO DURO EXTERNO 1TB,4.0,580.34,Santa Cruz,Roberto López,Javier Mamani,javier.mamani@ucb.edu.bo,Tarjeta Débito
SCZ-00265,21 de April de 2024,SSD  Samsung  500GB,3.0,476.4,Sta. Cruz,Roberto López,Pablo Mendoza,pablo.mendoza@gmail.com,Efectivo
SCZ-00242,2024-11-05,Bateria Externa 20000mAh,3.0,238.61,SC,Roberto López,Alejandro García,,Tarjeta Débito
SCZ-00014,"August 05, 2024", Tablet iPad Air,1.0,5496.13,SC,Juan Pérez,Daniela Gutiérrez,@outlook.com,Efectivo
SCZ-00316,27-May-2024,Router WiFi TP-Link,4.0,432.19,Sta Cruz,Sofía Choque,Claudia Torrez,claudia.torrez@hotmail.com..,Tarjeta Crédito
SCZ-00089,"April 11, 2024",Cargador Universal USB-C,3.0,136.21,SC,Carmen Flores,Gabriela Vargas,gabriela.vargas@yahoo.com,Tarjeta Crédito
SCZ-00388,"June 29, 2024","Funda para Laptop 15""",2.0,bs. 159.99,Sta Cruz,Roberto López,Miguel Torrez,miguel.torrez@gmail.com,Tarjeta Débito
SCZ-00274,"August 01, 2024", Cargador Universal USB-C,7.0,126.17,Sta. Cruz,Diego Fernández,Ricardo Rojas,,Tarjeta Crédito
SCZ-00167,01-May-2024,Laptop Lenovo ThinkPad  ,2.0,8919.45,Sta. Cruz,Diego Fernández,Miguel Mamani,miguel.mamani@outlook.com,
SCZ-00329,26/02/2025,Impresora  HP  DeskJet,,1234.89,Santa Cruz,María García,Ricardo Mamani,ricardo.mamani@outlook.com,Transferencia
SCZ-00003,09-27-2024,Batería Externa 20000mAh  ,4.0,Bs.227.1,santa cruz,Pedro Gutiérrez,Martín Mendoza,martín.mendoza@yahoo.com,QR
SCZ-00135,"March 05, 2025",Laptop Dell Inspiron  ,,5904.72,Santa Cruz,Roberto López,Andrés Condori,andrés.condori@ucb.edu.bo,QR
SCZ-00307,03-Mar-2024,"MONITOR LG 27""",7.0,2712.83,Sta. Cruz,José Ríos,Daniela Torrez,daniela.torrez@ucb.edu.bo,Transferencia
SCZ-00485,2024/07/18, Audífonos Sony WH-1000,4.0,2083.17,Santa Cruz,José Ríos,Pablo Condori,pablo.condori@hotmail.com,QR
SCZ-00462,06 de May de 2024,Procesador AMD Ryzen 5  ,7.0,BOB 1731.42,Santa Cruz,Roberto López,Miguel Morales,miguel.morales@outlook.com,Transferencia
SCZ-00320,"July 10, 2024",Impresora Epson L3250  ,4.0,bs. 1433.47,santa cruz,María García,Claudia Torrez,claudia.torrez@outlook.com,Tarjeta Débito
SCZ-00244,12 de February de 2025,Tablet  Samsung  Galaxy  Tab,1.0,BOB 2931.01,Sta Cruz,Lucía Condori,Patricia Choque,patricia.choque@outlook.com,Transferencia
SCZ-00055,01 de March de 2024,Memoria  USB  64GB,1.0,,Sta. Cruz,Valentina Morales,Eduardo Choque,eduardo.choque@outlook.com,
SCZ-00364,06-Jan-2025,Hub  USB  4  puertos,1.0,107.38,SCZ,José Ríos,Verónica Quispe,verónica.quispe@hotmail.com,
SCZ-00051,2024-11-30,PROCESADOR AMD RYZEN 5,4.0,Bs 1945,Santa Cruz,,Verónica Condori,,Transferencia
SCZ-00156,08 de August de 2024,Webcam  Logitech  C920,2.0,640.21 Bs,santa cruz,,Silvia García,silvia.garcía@outlook.com,Transferencia
SCZ-00175,2024/07/10," Monitor Samsung 24""",7.0,1563.77,SC,José Ríos,Pablo Torrez,pablo.torrez@,Efectivo
SCZ-00446,2024-09-09,"Monitor Samsung 24""  ",4.0,1863.88,santa cruz,Valentina Morales,Sebastián Quispe,sebastián.quispe@outlook.com,Transferencia
SCZ-00190,2024-06-24, Batería Externa 20000mAh,6.0,235.82,SCZ,Diego Fernández,Sebastián López,sebastián.lópez@outlook.com,Transferencia
SCZ-00071,05-20-2024," Funda para Laptop 15""",7.0,132.1,SANTA CRUZ,Sofía Choque,Claudia Mendoza,claudia.mendoza@hotmail.com,Transferencia
SCZ-00464,26 de October de 2024,SSD Samsung 500GB  ,,584.46,Sta Cruz,,Natalia Choque,natalia.choque@ucb.edu.bo,Tarjeta Débito
SCZ-00188,15 de July de 2024,Cargador Universal USB-C  ,4.0,,SC,Sofía Choque,Pablo Rojas,pablo.rojas@outlook.com,
SCZ-00476,2024-08-08,Kit Limpieza Pantalla,2.0,37.99,santa cruz,,Sebastián Mamani,sebastián.mamani@outlook.com,QR
SCZ-00170,2030-10-03,DISCO DURO EXTERNO 1TB,3.0,576.0,SANTA CRUZ,,Verónica Choque,verónica.choque@gmail.com,Tarjeta Crédito
SCZ-00010,"June 19, 2024",Disco Duro Externo 1TB,4.0,572.01,santa cruz,Carmen Flores,Patricia Torrez,patricia.torrez@yahoo.com,QR
SCZ-00059,18-Mar-2025,Laptop Dell Inspiron,5.0,5727.48 Bs,Sta. Cruz,Sofía Choque,Javier Fernández,javier.fernández@ucb.edu.bo,Efectivo
SCZ-00475,05-24-2024,Audífonos  Sony  WH-1000,5.0,2061.57,SANTA CRUZ,Sofía Choque,Ricardo Choque,ricardo.choque@gmail.com..,Efectivo
SCZ-00253,18/05/2024,TABLET IPAD AIR,7.0,4100.43,SANTA CRUZ,José Ríos,Ricardo Flores,ricardo.flores@hotmail.com,Transferencia
SCZ-00022,2024/12/14,Procesador AMD Ryzen 5  ,,1737.95,Sta Cruz,,Eduardo Mendoza,eduardo.mendoza@ucb.edu.bo,Efectivo
SCZ-00314,22/05/2024, Laptop HP Pavilion,5.0,5805.9 Bs,Sta Cruz,Carmen Flores,Claudia Vargas,claudia.vargas@hotmail.com,QR
SCZ-00460,11 de October de 2024,CARGADOR UNIVERSAL USB-C,-2.0,115.57,Santa Cruz,Roberto López,Fernando Choque,fernando.choque@yahoo.com..,Tarjeta Débito
SCZ-00161,18 de March de 2025,Mouse Gamer Razer,3.0,Bs. 442.34,SC,José Ríos,Claudia Mamani,claudia.mamani @gmail.com,Efectivo
SCZ-00277,2024/03/14,Procesador AMD Ryzen 5,7.0,1566.9,santa cruz,Carmen Flores,Daniela Fernández,daniela.fernández@hotmail.com,Tarjeta Crédito
SCZ-00192,16/01/2025,"Funda para Laptop 15""",1.0,159.46,Sta Cruz,,Ricardo Condori,ricardo.condori@ucb.edu.bo,QR
SCZ-00386,18 de October de 2024, Procesador AMD Ryzen 5,6.0,2004.54,Sta Cruz,José Ríos,Mónica García,mónica.garcía@yahoo.com,QR
SCZ-00414,01-16-2025,Batería  Externa  20000mAh,1.0,196.45,santa cruz,Diego Fernández,Martín Mendoza,martín.mendoza@gmail.com,Tarjeta Crédito
SCZ-00492,2024/11/18,Tarjeta Gráfica NVIDIA RTX  ,5.0,4128.97,santa cruz,Sofía Choque,Fernando Vargas,fernando.vargas@hotmail.com,Tarjeta Débito
SCZ-00344,16/03/2024,SSD Samsung 500GB,,582.05,Sta. Cruz,Lucía Condori,Alejandro Gutiérrez,alejandro.gutiérrez@ucb.edu.bo,
SCZ-00309,03-26-2025, Audífonos JBL Tune,5.0,424.66,Sta. Cruz,José Ríos,Javier Rojas,javier.rojas@yahoo.com,QR
SCZ-00131,2024-05-15,"funda para laptop 15""",6.0,169.84,SANTA CRUZ,,Martín Morales,martín.morales@,Tarjeta Débito
SCZ-00100,"March 29, 2024",Disco Duro Externo 1TB,3.0,474.82,Santa Cruz,Pedro Gutiérrez,Andrés García,andrés.garcía@,Efectivo
SCZ-00373,09-17-2024,Laptop Dell Inspiron,3.0,5295.36,santa cruz,Carlos Mamani,Javier Rojas,javier.rojas@outlook.com,Transferencia
SCZ-00088,06-02-2024,AUDÍFONOS SONY WH-1000,1.0,Bs.2173.39,SANTA CRUZ,Carmen Flores,Gabriela López,gabriela.lópez@,QR
SCZ-00459,16/08/2024,Cable HDMI 2m  ,1.0,Bs 40,Santa Cruz,Lucía Condori,Pablo Choque,pablo.choque@yahoo.com,
SCZ-00331,16 de May de 2024,Webcam Logitech C920,1.0,703.31,Sta Cruz,Carmen Flores,Martín Mamani,martín.mamanigmail.com,Efectivo
SCZ-00215,2024-02-10,Disco  Duro  Externo  1TB,6.0,BOB 551.93,SANTA CRUZ,Sofía Choque,Claudia Rojas,claudia.rojas@hotmail.com,Efectivo
SCZ-00467,23-Feb-2025,Laptop  Dell  Inspiron,2.0,,Sta. Cruz,Ana Quispe,Ricardo Condori,ricardo.condori@gmail.com,Transferencia
SCZ-00122,06/03/2024,"Monitor Samsung 24""",2.0,1723.94,Santa Cruz,Sofía Choque,Martín Quispe,martín.quispe@outlook.com,Transferencia
SCZ-00021,30-Oct-2024,Adaptador HDMI a VGA  ,1.0,60.7,santa cruz,Pedro Gutiérrez,Pablo García,pablo.garcía@yahoo.com,Transferencia
SCZ-00072,"May 06, 2024",Mouse Gamer Razer,1.0,508.64,SC,Juan Pérez,Verónica Mamani,verónica.mamani@outlook.com,Transferencia
SCZ-00107,"July 11, 2024", Router WiFi TP-Link,3.0,bs. 360.1,SC,Carlos Mamani,Mónica Quispe,mónica.quispe@ucb.edu.bo,
SCZ-00271,11 de July de 2024,parlante bluetooth jbl,,,SC,Ana Quispe,Ricardo Rojas,ricardo.rojas@ucb.edu.bo,QR
SCZ-00436,02-04-2024,"FUNDA PARA LAPTOP 15""",1.0,155.64,SC,Pedro Gutiérrez,Martín Condori,martín.condori@,Efectivo
SCZ-00103,28 de February de 2024,Laptop  HP  Pavilion,1.0,Bs 5828,Sta Cruz,Valentina Morales,Lorena Flores,lorena.flores@ucb.edu.bo,Efectivo
