ID_Venta,Fecha_Venta,Producto,Cant,PrecioUnit,Sucursal,Vendedor,NombreCliente,EmailCliente,MetodoPago
LPZ-00033,02-Sep-2024,"Funda para Laptop 15""",5.0,159.11,LPZ,,Pablo Flores,pablo.flores@ucb.edu.bo,Transferencia
LPZ-00248,"July 28, 2024",LAPTOP HP PAVILION,2.0,Bs.5252.67,la paz,Carmen Flores,Claudia Rojas,claudia.rojas@gmail.com,Tarjeta Débito
LPZ-00247,"August 31, 2024",Adaptador HDMI a VGA,4.0,63.11,L.P.,María García,Carla Vargas,carla.vargas@yahoo.com,Tarjeta Débito
LPZ-00413,17-Feb-2025,Router WiFi TP-Link,5.0,385.62,LA PAZ,María García,Andrés Torrez,andrés.torrez@yahoo.com,Tarjeta Débito
LPZ-00209,"August 05, 2024",laptop dell inspiron,1.0,bs. 5383.78,LPZ,,Gabriela Mendoza,@outlook.com,QR
LPZ-00236,"April 04, 2024",Parlante Bluetooth JBL  ,3.0,869.65,La Paz,Pedro Gutiérrez,Javier Torrez,javier.torrezgmail.com,Tarjeta Crédito
LPZ-00085,2025-02-25,LAPTOP LENOVO THINKPAD,3.0,6848.71,La Paz,Roberto López,Javier Choque,javier.choque@yahoo.com,Tarjeta Crédito
LPZ-00439,21 de February de 2025,Tablet Samsung Galaxy Tab  ,2.0,Bs.3420.87,La Paz,,Ricardo Torrez,ricardo.torrez@gmail.com,Tarjeta Crédito
LPZ-00355,02/03/2025,Laptop Dell Inspiron,3.0,6632.67,L.P.,Roberto López,Miguel Mamani,miguel.mamani@yahoo.com,Tarjeta Débito
LPZ-00045,04 de November de 2024,impresora hp deskjet,,,LA PAZ,Carlos Mamani,Patricia Gutiérrez,,Efectivo
LPZ-00168,07-11-2024,kit limpieza pantalla,5.0,39.52,la paz,Ana Quispe,Javier Quispe,javier.quispe@hotmail.com,Efectivo
LPZ-00320,"August 13, 2024",disco duro externo 1tb,3.0,528.55,LPZ,Valentina Morales,Alejandro Flores,alejandro.flores@gmail.com,QR
LPZ-00343,"April 05, 2024",Tablet  Samsung  Galaxy  Tab,2.0,3406.1,La Paz,María García,Javier García,javier.garcía @outlook.com,QR
LPZ-00372,2024/09/05,Parlante Bluetooth JBL,2.0,766.82,L.P.,,Patricia Condori,patricia.condori@gmail.com,QR
LPZ-00033,02-Sep-2024,"Funda para Laptop 15""",5.0,159.11,LPZ,Sofía Choque,Pablo Flores,pablo.flores@ucb.edu.bo,Transferencia
LPZ-00235,"March 18, 2025", Laptop Dell Inspiron,5.0,6382.54,L.P.,María García,Eduardo Choque,eduardo.choquegmail.com,Tarjeta Crédito
LPZ-00438,18-Feb-2025,impresora epson l3250,5.0,bs. 1504.61,la paz,José Ríos,Ricardo Mendoza,ricardo.mendoza@gmail.com,Tarjeta Débito
LPZ-00008,15/11/2024, Cargador Universal USB-C,1.0,109.07,Lapaz,Carmen Flores,Silvia García,silvia.garcía@yahoo.com,Tarjeta Crédito
LPZ-00290,05-06-2024,Memoria USB 64GB,2.0,75.42,Lapaz,Sofía Choque,Natalia Rojas,natalia.rojas@yahoo.com,Efectivo
LPZ-00112,01 de November de 2024, Batería Externa 20000mAh,2.0,208.02,L.P.,Roberto López,Gabriela Flores,gabriela.flores@hotmail.com,Efectivo
LPZ-00325,08-Aug-2024,procesador amd ryzen 5,1.0,Bs 1882,la paz,Roberto López,Daniela Mamani,daniela.mamani@hotmail.com,Tarjeta Débito
LPZ-00153,"April 23, 2024",MOUSE INALÁMBRICO LOGITECH,1.0,188.64,LP,,Patricia López,patricia.lópez @outlook.com,Tarjeta Débito
LPZ-00051,03/06/2024,Batería  Externa  20000mAh,4.0,219.29,LA PAZ,Pedro Gutiérrez,Natalia Quispe,natalia.quispe@ucb.edu.bo,Tarjeta Crédito
LPZ-00213,17 de December de 2024,ssd samsung 500gb,4.0,444.83,Lapaz,Pedro Gutiérrez,Lorena Torrez,lorena.torrez @ucb.edu.bo,Efectivo
LPZ-00116,2024-05-24,KIT LIMPIEZA PANTALLA,,34.32,L.P.,Diego Fernández,Verónica Salazar,verónica.salazar@ucb.edu.bo,QR
LPZ-00210,2024-09-15, Parlante Bluetooth JBL,1.0,672.36,LP,Carlos Mamani,Gabriela Condori,gabriela.condori@outlook.com,QR
LPZ-00049,2024-11-21,Cargador Universal USB-C  ,2.0,111.59,LP,José Ríos,Claudia Fernández,claudia.fernández@ucb.edu.bo,QR
LPZ-00304,"August 01, 2024",Kit  Limpieza  Pantalla,3.0,36.2,L.P.,,Pablo López,pablo.lópez@hotmail.com,Efectivo
LPZ-00337,20-Mar-2025,Teclado Logitech K380  ,4.0,bs. 392.06,LPZ,José Ríos,Alejandro Condori,alejandro.condori@yahoo.com,Efectivo
LPZ-00340,21-Apr-2024, Mouse Inalámbrico Logitech,3.0,,LP,Juan Pérez,Daniela Gutiérrez,daniela.gutiérrez@outlook.com,Efectivo
LPZ-00291,2024/01/15,TABLET IPAD AIR,3.0,4363.38,L.P.,,Ricardo Rojas,ricardo.rojas@yahoo.com,Tarjeta Crédito
LPZ-00155,25/05/2024,ROUTER WIFI TP-LINK,1.0,bs. 390.96,LPZ,Pedro Gutiérrez,Natalia Gutiérrez,natalia.gutiérrez@yahoo.com,Transferencia
LPZ-00324,2024-03-03,KIT LIMPIEZA PANTALLA,2.0,33.6,LA PAZ,Roberto López,Natalia Quispe,@gmail.com,Efectivo
LPZ-00050,2024/03/10,tablet samsung galaxy tab,3.0,3425.11,Lapaz,Ana Quispe,Natalia Rojas,,Tarjeta Crédito
LPZ-00429,2025/02/26,Router  WiFi  TP-Link,4.0,408.4,la paz,,Andrés Mamani,andrés.mamani@yahoo.com,Efectivo
LPZ-00385,06/03/2024,Laptop  Lenovo  ThinkPad,,8794.22,La Paz,Sofía Choque,Martín Flores,martín.flores@gmail.com,Tarjeta Débito
LPZ-00126,07/03/2024,Laptop  Lenovo  ThinkPad,3.0,8195.35,LP,Roberto López,Gabriela Mamani,gabriela.mamani@gmail.com,QR
LPZ-00047,10/01/2024,Webcam  Logitech  C920,3.0,bs. 723.48,LP,Juan Pérez,Daniela Rojas,daniela.rojas@outlook.com,Transferencia
LPZ-00373,16-Mar-2025,laptop dell inspiron,3.0,6982.23,LP,Sofía Choque,Martín García,martín.garcía@outlook.com,Tarjeta Débito
LPZ-00101,12-27-2024,"MONITOR SAMSUNG 24""",3.0,1840.43,LPZ,María García,Patricia Salazar,patricia.salazar@ucb.edu.bo,QR
LPZ-00058,"August 06, 2024",Laptop Lenovo ThinkPad,1.0,7493.59,la paz,Roberto López,Eduardo Fernández,eduardo.fernández@yahoo.com,Tarjeta Débito
LPZ-00328,"April 06, 2024",kit limpieza pantalla,5.0,40.15,Lapaz,,Martín Mendoza,martín.mendoza@hotmail.com,Tarjeta Débito
LPZ-00259,2024-09-07,batería externa 20000mah,,Bs 192,LPZ,José Ríos,Andrés Mendoza,,Efectivo
LPZ-00094,2024/03/20,Cable HDMI 2m,4.0,,Lapaz,Pedro Gutiérrez,Sebastián López,sebastián.lópez@gmail.com,QR
LPZ-00207,2024-12-17,Adaptador  HDMI  a  VGA,,60.17,LPZ,Diego Fernández,Alejandro López,,Efectivo
LPZ-00178,07-07-2024,Audífonos JBL Tune,,343.18,LPZ,Roberto López,Silvia Choque,silvia.choque@hotmail.com,Tarjeta Débito
LPZ-00195,23/08/2024,Tablet  iPad  Air,2.0,4116.53,LPZ,María García,Mónica Choque,mónica.choque@outlook.com,Tarjeta Crédito
LPZ-00330,02 de May de 2024, Audífonos Sony WH-1000,,Bs.2357.63,LP,Valentina Morales,Martín Fernández,,Efectivo
LPZ-00050,2024/03/10,tablet samsung galaxy tab,3.0,,Lapaz,Ana Quispe,Natalia Rojas,@gmail.com,Tarjeta Crédito
LPZ-00293,28-Oct-2024,AUDÍFONOS SONY WH-1000,-2.0,,LPZ,Carlos Mamani,Carla Rojas,carla.rojas@outlook.com,Tarjeta Crédito
LPZ-00378,21/09/2024,Webcam Logitech C920,,743.86,La Paz,Sofía Choque,Claudia Morales,claudia.morales@ucb.edu.bo,Tarjeta Crédito
LPZ-00365,06/01/2028, Tablet Samsung Galaxy Tab,,2730.53,L.P.,Valentina Morales,Daniela Vargas,daniela.vargasgmail.com,Efectivo
LPZ-00433,24/11/2024, Tarjeta Gráfica NVIDIA RTX,3.0,BOB 4655.93,LA PAZ,,Ricardo Morales,ricardo.morales@,Tarjeta Crédito
LPZ-00157,2024-11-02,cargador universal usb-c,4.0,111.08,LA PAZ,Juan Pérez,Eduardo Fernández,eduardo.fernández@outlook.com,Tarjeta Crédito
LPZ-00007,07-18-2024,Hub USB 4 puertos  ,4.0,,L.P.,María García,Verónica Morales,verónica.morales@outlook.com,Transferencia
LPZ-00300,2024-02-07,Hub USB 4 puertos  ,1.0,97.49,La Paz,Roberto López,Sebastián Rojas,,Transferencia
LPZ-00004,14 de August de 2024,Tablet iPad Air  ,1.0,5384.6,Lapaz,,Eduardo Vargas,eduardo.vargas@gmail.com,Transferencia
LPZ-00221,12-Mar-2025,Laptop  Dell  Inspiron,5.0,5801.81,La Paz,Valentina Morales,Javier Rojas,javier.rojas@gmail.com,QR
LPZ-00180,2024-12-17,Audífonos JBL Tune  ,4.0,324.75,La Paz,Valentina Morales,Claudia Morales,claudia.morales@ucb.edu.bo,QR
LPZ-00072,26-Aug-2024,WEBCAM LOGITECH C920,5.0,566.95,LA PAZ,,Ricardo Torrez,ricardo.torrez@outlook.com,Tarjeta Débito
LPZ-00377,"May 08, 2024", Parlante Bluetooth JBL,1.0,832.97,la paz,Diego Fernández,Daniela Gutiérrez,daniela.gutiérrez@gmail.com,Tarjeta Crédito
LPZ-00187,04 de January de 2024,Audífonos JBL Tune,2.0,428.42,LA PAZ,Carlos Mamani,Mónica Condori,mónica.condori@,Transferencia
LPZ-00403,"December 25, 2024",Cable HDMI 2m  ,2.0,48.29,LA PAZ,Pedro Gutiérrez,Claudia Salazar,,Tarjeta Débito
LPZ-00137,12/02/2025,TECLADO LOGITECH K380,5.0,331.36,la paz,Valentina Morales,Andrés García,,Tarjeta Débito
LPZ-00329,"January 01, 2024",Router WiFi TP-Link  ,1.0,465.26,Lapaz,Ana Quispe,Pablo Gutiérrez,pablo.gutiérrez@outlook.com,Efectivo
LPZ-00281,2025-03-20,Kit Limpieza Pantalla,5.0,29.97,La Paz,,Daniela Gutiérrez,daniela.gutiérrez@ucb.edu.bo..,Efectivo
LPZ-00428,18 de March de 2025,Audífonos Sony WH-1000  ,2.0,Bs. 2362.84,LA PAZ,Carmen Flores,Lorena Morales,,QR
LPZ-00192,18 de January de 2024,Impresora HP DeskJet,4.0,Bs 1315,LA PAZ,María García,Fernando García,fernando.garcía@outlook.com,Tarjeta Crédito
LPZ-00114,2024-11-20,Impresora Epson L3250  ,2.0,,La Paz,Roberto López,Mónica Rojas,mónica.rojas@hotmail.com,Tarjeta Crédito
LPZ-00052,11-Nov-2024,mouse gamer razer,3.0,516.09,la paz,Diego Fernández,Martín Vargas,martín.vargas@ucb.edu.bo,Transferencia
LPZ-00338,03-12-2024,MOUSE GAMER RAZER,5.0,396.15,LPZ,Carmen Flores,Pablo Salazar,,QR
LPZ-00418,2024/06/25,SSD Samsung 500GB,3.0,Bs.467.62,Lapaz,María García,Natalia Fernández,natalia.fernández@hotmail.com,Tarjeta Débito
LPZ-00412,"January 20, 2025",Tablet iPad Air  ,,4643.52,LP,Sofía Choque,Martín Mendoza,martín.mendoza@gmail.com,Tarjeta Débito
LPZ-00272,28 de June de 2024, Memoria USB 64GB,1.0,70.22,LP,,Claudia Gutiérrez,claudia.gutiérrez@hotmail.com,Transferencia
LPZ-00163,04/08/2028,Audifonos Sony WH-1000,3.0,2135.25,LP,José Ríos,Fernando Salazar,fernando.salazar@ucb.edu.bo,QR
LPZ-00073,08-27-2024,Router WiFi TP-Link  ,-2.0,364.77,L.P.,María García,Carla Vargas,carla.vargas@gmail.com,Efectivo
LPZ-00302,2024-10-10,Mouse  Gamer  Razer,2.0,Bs 456,la paz,Lucía Condori,Martín Quispe,,Transferencia
LPZ-00322,"February 20, 2024"," Funda para Laptop 15""",,bs. 154.51,La Paz,Juan Pérez,Sebastián Mamani,,Tarjeta Crédito
LPZ-00333,"June 29, 2024",Hub  USB  4  puertos,4.0,,la paz,María García,Miguel Rojas,miguel.rojas @ucb.edu.bo,QR
LPZ-00371,02-Jan-2024,Impresora Epson L3250  ,1.0,1805.93,LA PAZ,Lucía Condori,Fernando Mendoza,fernando.mendoza@ucb.edu.bo,Efectivo
LPZ-00175,02/01/2025,MEMORIA USB 128GB,4.0,Bs 170,LA PAZ,Sofía Choque,Gabriela Mendoza,gabriela.mendoza@gmail.com,QR
LPZ-00003,16 de October de 2024,MOUSE INALÁMBRICO LOGITECH,-4.0,153.32,L.P.,Carmen Flores,Alejandro Vargas,alejandro.vargas@hotmail.com,QR
LPZ-00104,2024-03-11,Tablet iPad Air,5.0,5038.33,L.P.,Pedro Gutiérrez,Carla Salazar,carla.salazar @ucb.edu.bo,Transferencia
LPZ-00381,04/08/2028,Audífonos JBL Tune  ,4.0,323.47,LA PAZ,Carmen Flores,Claudia García,claudia.garcíagmail.com,Efectivo
LPZ-00399,12-11-2024,SSD Samsung 500GB,5.0,478.57,LP,Diego Fernández,Silvia López,silvia.lópez@outlook.com,Tarjeta Débito
LPZ-00313,08-Jan-2025,webcam logitech c920,1.0,,LA PAZ,Roberto López,Miguel Vargas,miguel.vargas@outlook.com,Tarjeta Débito
LPZ-00283,12-Apr-2024,WEBCAM LOGITECH C920,4.0,bs. 685.86,LP,Roberto López,Andrés Morales,andrés.morales@yahoo.com,Tarjeta Débito
LPZ-00081,06-Mar-2024,AUDÍFONOS JBL TUNE,5.0,330.34 Bs,LA PAZ,Carmen Flores,Claudia Fernández,claudia.fernández@hotmail.com,Efectivo
LPZ-00200,03/09/2024,Audifonos JBL Tune,4.0,423.76,Lapaz,Valentina Morales,Eduardo Fernández,eduardo.fernández@yahoo.com,QR
LPZ-00394,08-29-2024,AUDÍFONOS JBL TUNE,1.0,335.48,Lapaz,Roberto López,Verónica Flores,verónica.flores@outlook.com,Tarjeta Débito
LPZ-00011,2024/08/09,Audífonos JBL Tune  ,3.0,336.34 Bs,La Paz,Roberto López,Silvia García,silvia.garcía @hotmail.com,Efectivo
LPZ-00409,2024/03/16,Tablet  iPad  Air,-1.0,5028.72,L.P.,Juan Pérez,Pablo Flores,pablo.flores@hotmail.com,Tarjeta Débito
LPZ-00276,03/08/2024," Monitor Samsung 24""",3.0,1975.83,LPZ,Juan Pérez,Gabriela López,gabriela.lópez@hotmail.com,Efectivo
LPZ-00064,2025/02/14,Kit Limpieza Pantalla,3.0,bs. 33.03,Lapaz,Juan Pérez,Eduardo García,eduardo.garcía@yahoo.com,Transferencia
LPZ-00065,04/11/2024,"Monitor  Samsung  24""",4.0,1782.61 Bs,La Paz,Lucía Condori,Daniela Vargas,daniela.vargas@gmail.com,Transferencia
LPZ-00062,02-12-2024,tablet ipad air,-4.0,5500.48,L.P.,Valentina Morales,Pablo Mendoza,pablo.mendoza@yahoo.com,QR
LPZ-00303,20/10/2024,Webcam  Logitech  C920,5.0,652.61,L.P.,Ana Quispe,Daniela Quispe,daniela.quispe@gmail.com,Transferencia
LPZ-00142,26 de March de 2025,Procesador  AMD  Ryzen  5,1.0,2020.46,la paz,María García,Daniela Choque,daniela.choque@hotmail.com,Efectivo
LPZ-00054,"April 14, 2024",Procesador AMD Ryzen 5,5.0,1577.59,la paz,Ana Quispe,Patricia García,,QR
LPZ-00181,2025-03-24,Adaptador HDMI a VGA,3.0,56.18,LA PAZ,Juan Pérez,Eduardo Mendoza,,Tarjeta Crédito
LPZ-00138,2024/01/09,Batería Externa 20000mAh,1.0,,la paz,Carlos Mamani,Gabriela Gutiérrez,gabriela.gutiérrez@yahoo.com,QR
LPZ-00082,21 de October de 2024,"MONITOR SAMSUNG 24""",-2.0,1612.39,LA PAZ,Sofía Choque,Gabriela Gutiérrez,gabriela.gutiérrez@ucb.edu.bo,Transferencia
LPZ-00100,07-14-2024,IMPRESORA HP DESKJET,2.0,1336.01,LPZ,Carlos Mamani,Mónica Rojas,,Tarjeta Débito
LPZ-00143,31 de July de 2024,Memoria USB 128GB  ,3.0,bs. 159.25,LA PAZ,Juan Pérez,Lorena Mamani,lorena.mamani@ucb.edu.bo,Efectivo
LPZ-00009,2024/03/07,Router WiFi TP-Link,5.0,388.37,LA PAZ,Juan Pérez,Patricia Fernández,patricia.fernández@gmail.com,Transferencia
LPZ-00358,2025/03/13, Procesador AMD Ryzen 5,5.0,BOB 1559.96,L.P.,Roberto López,Daniela Rojas,daniela.rojas@yahoo.com,QR
LPZ-00261,"October 07, 2024",Parlante Bluetooth JBL  ,4.0,843.68,LPZ,Diego Fernández,Daniela Choque,daniela.choque@outlook.com,Transferencia
LPZ-00398,01 de February de 2024, Procesador AMD Ryzen 5,3.0,1757.52,LP,Roberto López,Andrés Salazar,andrés.salazar@hotmail.com,Transferencia
LPZ-00122,2025/02/04,Cargador Universal USB-C  ,,,LA PAZ,Ana Quispe,Ricardo Flores,ricardo.flores @hotmail.com,Tarjeta Débito
LPZ-00218,2024/04/27,Tablet Samsung Galaxy Tab,1.0,3087.29,LP,Valentina Morales,Lorena Torrez,@gmail.com,Efectivo
LPZ-00393,02-10-2024,Audifonos Sony WH-1000,3.0,2424.16,la paz,Roberto López,Lorena Vargas,lorena.vargasgmail.com,Tarjeta Débito
LPZ-00097,11-08-2024, Laptop Dell Inspiron,4.0,5949.35,La Paz,Ana Quispe,Pablo Gutiérrez,pablo.gutiérrez@hotmail.com,Transferencia
LPZ-00086,29-Jan-2024,MEMORIA USB 128GB,1.0,,L.P.,Valentina Morales,Miguel Torrez,miguel.torrez@ucb.edu.bo,Transferencia
LPZ-00029,07 de January de 2025,Cable  HDMI  2m,5.0,Bs. 45.2,LA PAZ,Ana Quispe,Eduardo Condori,eduardo.condori@gmail.com,Tarjeta Débito
LPZ-00263,2024-10-16,Laptop Dell Inspiron  ,2.0,Bs.6019.12,LA PAZ,Roberto López,Patricia Condori,,QR
LPZ-00413,17-Feb-2025,Router WiFi TP-Link,5.0,385.62,LA PAZ,María García,Andrés Torrez,andrés.torrez@yahoo.com,Tarjeta Débito
LPZ-00349,05/01/2025,batería externa 20000mah,1.0,244.88 Bs,LP,Carmen Flores,Pablo Flores,pablo.flores@yahoo.com,Tarjeta Débito
LPZ-00087,2024-10-21,Bateria Externa 20000mAh,4.0,BOB 194.79,LP,Juan Pérez,Fernando Quispe,fernando.quispe@ucb.edu.bo,QR
LPZ-00388,2024/08/21,hub usb 4 puertos,1.0,83.57,LA PAZ,,Daniela Morales,daniela.morales@outlook.com,Tarjeta Débito
LPZ-00119,12-26-2024,MEMORIA USB 64GB,1.0,89.48,la paz,Carlos Mamani,Javier Gutiérrez,javier.gutiérrez@outlook.com,Tarjeta Crédito
LPZ-00401,"August 09, 2024","Monitor Samsung 24""  ",5.0,1873.63,LP,María García,Gabriela Torrez,gabriela.torrez @yahoo.com,Efectivo
LPZ-00038,21 de January de 2024,Cargador Universal USB-C,5.0,105.1,la paz,María García,Mónica López,mónica.lópez@hotmail.com,QR
LPZ-00085,2025-02-25,LAPTOP LENOVO THINKPAD,3.0,,La Paz,Roberto López,Javier Choque,javier.choque@yahoo.com,Tarjeta Crédito
LPZ-00031,23-Mar-2024,SSD Samsung 500GB,3.0,487.64,LP,Carlos Mamani,Alejandro Mamani,,QR
LPZ-00361,14 de July de 2024,Audifonos Sony WH-1000,5.0,2018.54,la paz,Juan Pérez,Martín Condori,martín.condori@gmail.com,Tarjeta Crédito
LPZ-00173,10/01/2024,"Funda para Laptop 15""",3.0,Bs. 159.21,LP,Sofía Choque,Eduardo López,eduardo.lópez@hotmail.com,Transferencia
LPZ-00345,01-30-2025,Laptop Lenovo ThinkPad,4.0,8679.92,LP,,Pablo Flores,pablo.flores@ucb.edu.bo,QR
LPZ-00127,02-Jan-2024,Hub USB 4 puertos,,100.18,LPZ,Diego Fernández,Alejandro Gutiérrez,alejandro.gutiérrez @yahoo.com,QR
LPZ-00260,24/05/2024,SSD Samsung 500GB,3.0,454.53,L.P.,,Lorena Quispe,lorena.quispe@hotmail.com,QR
LPZ-00203,"March 27, 2024",Tablet Samsung Galaxy Tab,,3641.84,La Paz,Roberto López,Fernando Mendoza,fernando.mendoza@yahoo.com,QR
LPZ-00379,2025-03-13,Laptop Lenovo ThinkPad,3.0,8493.92,la paz,,Pablo Vargas,pablo.vargas@outlook.com,Efectivo
LPZ-00176,2024/11/06,Bateria Externa 20000mAh,,193.35,L.P.,María García,Carla Flores,carla.floresgmail.com,Tarjeta Crédito
LPZ-00380,2025-02-08,"Funda para Laptop 15""",5.0,135.65,la paz,María García,Mónica Salazar,mónica.salazar@yahoo.com,Tarjeta Débito
LPZ-00156,05-21-2024,"MONITOR LG 27""",1.0,2452.03,Lapaz,Sofía Choque,Ricardo Flores,ricardo.flores@yahoo.com,Efectivo
LPZ-00304,"August 01, 2024",Kit  Limpieza  Pantalla,3.0,36.2,L.P.,Roberto López,Pablo López,pablo.lópez@hotmail.com,Efectivo
LPZ-00016,2024-04-13,PARLANTE BLUETOOTH JBL,4.0,667.46,LP,Valentina Morales,Eduardo Flores,eduardo.flores@outlook.com,Tarjeta Débito
LPZ-00406,"December 22, 2024","Funda para Laptop 15""",4.0,127.62,L.P.,Valentina Morales,Javier Vargas,javier.vargas@hotmail.com,QR
LPZ-00374,12 de June de 2024,"MONITOR SAMSUNG 24""",2.0,bs. 1634.72,LP,José Ríos,Javier Choque,javier.choque@gmail.com,Efectivo
LPZ-00037,2024-07-25,Tarjeta  Gráfica  NVIDIA  RTX,,Bs 4270,Lapaz,Roberto López,Alejandro Flores,alejandro.flores@ucb.edu.bo,QR
LPZ-00165,09 de July de 2024,Audífonos Sony WH-1000  ,3.0,,la paz,Carmen Flores,Martín Torrez,martín.torrez@hotmail.com,QR
LPZ-00427,2024-05-11,Laptop  Lenovo  ThinkPad,1.0,8701.08,Lapaz,María García,Verónica Condori,verónica.condori@,Tarjeta Crédito
LPZ-00174,2024/03/24,Memoria USB 128GB,4.0,148.92,L.P.,Sofía Choque,Miguel Rojas,miguel.rojas@outlook.com,Efectivo
LPZ-00317,2024/12/08,Adaptador  HDMI  a  VGA,3.0,Bs 69,LPZ,Sofía Choque,Alejandro García,,Transferencia
LPZ-00108,17-Mar-2024,audífonos sony wh-1000,2.0,bs. 2427.67,la paz,Sofía Choque,Patricia Flores,patricia.flores@yahoo.com,Efectivo
LPZ-00421,"May 20, 2024",Kit Limpieza Pantalla,5.0,33.69,Lapaz,Diego Fernández,Patricia Flores,patricia.flores@outlook.com,Tarjeta Débito
LPZ-00280,06-Jun-2024,PROCESADOR AMD RYZEN 5,4.0,Bs 1600,L.P.,Carmen Flores,Carla Vargas,carla.vargas@ucb.edu.bo,Tarjeta Débito
LPZ-00435,"April 22, 2024",Batería  Externa  20000mAh,1.0,BOB 236.89,LPZ,José Ríos,Martín Mendoza,martín.mendoza@hotmail.com,Tarjeta Crédito
LPZ-00305,"May 13, 2024","Funda  para  Laptop  15""",,149.08,LP,Sofía Choque,Eduardo Fernández,eduardo.fernández@gmail.com,Efectivo
LPZ-00231,06-03-2024,Hub USB 4 puertos,4.0,84.04,LPZ,,Lorena Choque,,Transferencia
LPZ-00093,17 de September de 2024, Memoria USB 64GB,,,la paz,Roberto López,Claudia Mendoza,claudia.mendoza@ucb.edu.bo,Tarjeta Crédito
LPZ-00189,28-Aug-2024,"Funda  para  Laptop  15""",2.0,,LA PAZ,José Ríos,Pablo López,pablo.lópezgmail.com,Transferencia
LPZ-00286,"March 24, 2024","Monitor LG 27""  ",3.0,2566.95,LA PAZ,Pedro Gutiérrez,Andrés Vargas,andrés.vargas@ucb.edu.bo..,QR
LPZ-00238,2024/04/18,Memoria USB 128GB  ,4.0,139.21,la paz,Lucía Condori,Miguel Flores,miguel.flores@yahoo.com,Tarjeta Débito
LPZ-00148,04-01-2024,Parlante Bluetooth JBL,3.0,675.41 Bs,la paz,María García,Alejandro Fernández,alejandro.fernández@gmail.com..,Efectivo
LPZ-00246,01-06-2025,Tablet  Samsung  Galaxy  Tab,1.0,Bs.3316.35,Lapaz,Diego Fernández,Martín García,martín.garcía@hotmail.com,Tarjeta Crédito
LPZ-00318,2024-07-29, Tarjeta Gráfica NVIDIA RTX,3.0,4086.97,LPZ,Carlos Mamani,Alejandro Mamani,alejandro.mamani@,Efectivo
LPZ-00075,2024/12/13,"FUNDA PARA LAPTOP 15""",1.0,169.5,LP,José Ríos,Javier Vargas,javier.vargas @outlook.com,Efectivo
LPZ-00308,17 de January de 2025,Memoria USB 128GB  ,1.0,bs. 171.47,LPZ,José Ríos,Lorena Morales,lorena.morales@,QR
LPZ-00215,2024-09-06,TARJETA GRÁFICA NVIDIA RTX,5.0,Bs. 4040.95,LA PAZ,Ana Quispe,Daniela Gutiérrez,daniela.gutiérrez@outlook.com,Tarjeta Crédito
LPZ-00172,15 de June de 2024, Laptop Dell Inspiron,5.0,6276.15,LA PAZ,Valentina Morales,Verónica Salazar,verónica.salazar@gmail.com,Tarjeta Débito
LPZ-00334,15-Dec-2024,Tarjeta Gráfica NVIDIA RTX  ,5.0,Bs 4360,L.P.,Ana Quispe,Martín Mendoza,martín.mendoza@,QR
LPZ-00266,"September 13, 2024", Webcam Logitech C920,1.0,699.62,LPZ,,Claudia Mamani,claudia.mamanigmail.com,Tarjeta Débito
LPZ-00271,"February 27, 2025", Kit Limpieza Pantalla,5.0,,L.P.,Diego Fernández,Carla Morales,carla.morales@ucb.edu.bo,QR
LPZ-00013,19/04/2024, Router WiFi TP-Link,5.0,440.99,L.P.,José Ríos,Claudia Morales,claudia.morales@outlook.com,QR
LPZ-00289,2024/01/01,tablet samsung galaxy tab,1.0,3593.56,Lapaz,,Martín Choque,martín.choque@hotmail.com,Tarjeta Débito
LPZ-00264,2024/10/08,tablet ipad air,5.0,,L.P.,Ana Quispe,Fernando García,,Transferencia
LPZ-00112,01 de November de 2024, Batería Externa 20000mAh,2.0,208.02,L.P.,Roberto López,Gabriela Flores,gabriela.flores@hotmail.com,Efectivo
LPZ-00375,2024-06-24,Audífonos JBL Tune,-5.0,410.04,Lapaz,Ana Quispe,Claudia Flores,claudia.flores@ucb.edu.bo,Transferencia
LPZ-00331,2024/07/15, Adaptador HDMI a VGA,2.0,,LA PAZ,Carmen Flores,Gabriela Condori,gabriela.condori@outlook.com,QR
LPZ-00327,2024/08/07,"Funda para Laptop 15""",4.0,128.19,LP,Ana Quispe,Alejandro Salazar,alejandro.salazargmail.com,QR
LPZ-00310,"January 19, 2025",Mouse Inalambrico Logitech,1.0,196.06,Lapaz,Lucía Condori,Pablo Morales,pablo.morales@gmail.com,QR
LPZ-00005,2024-12-29, Laptop Dell Inspiron,3.0,,LPZ,Ana Quispe,Gabriela Choque,gabriela.choque@ucb.edu.bo,Efectivo
LPZ-00336,02-08-2025,Audífonos Sony WH-1000  ,2.0,2290.68,Lapaz,Carlos Mamani,Pablo Salazar,pablo.salazar@ucb.edu.bo,Tarjeta Débito
LPZ-00282,2024/06/08,MEMORIA USB 128GB,2.0,149.3 Bs,LPZ,Roberto López,Miguel Torrez,miguel.torrez@yahoo.com..,QR
LPZ-00145,17-Apr-2024,Disco Duro Externo 1TB,4.0,488.38,Lapaz,Pedro Gutiérrez,Martín Flores,martín.flores@hotmail.com,Tarjeta Débito
LPZ-00055,2024/02/11,Procesador AMD Ryzen 5,2.0,2017.21,Lapaz,Carlos Mamani,Patricia Quispe,patricia.quispe@ucb.edu.bo,QR
LPZ-00164,01-27-2024,Tablet  iPad  Air,2.0,Bs 4211,LPZ,Pedro Gutiérrez,Carla Quispe,carla.quispe@gmail.com,QR
LPZ-00201,16/05/2024,Teclado Logitech K380,,324.14,LP,José Ríos,Natalia Torrez,natalia.torrez@hotmail.com,Efectivo
LPZ-00217,2024/06/16,Audífonos  JBL  Tune,2.0,361.62,La Paz,,Daniela Fernández,,Transferencia
LPZ-00359,06 de January de 2024,Memoria USB 128GB,4.0,bs. 161.91,la paz,Valentina Morales,Verónica Fernández,verónica.fernández@gmail.com,QR
LPZ-00218,2024/04/27,Tablet Samsung Galaxy Tab,1.0,3087.29,LP,Valentina Morales,Lorena Torrez,@gmail.com,Efectivo
LPZ-00107,03/03/2024, Mouse Inalámbrico Logitech,2.0,158.41,LPZ,Valentina Morales,Lorena Gutiérrez,lorena.gutiérrez@ucb.edu.bo,QR
LPZ-00301,10-May-2024,Laptop HP Pavilion,1.0,5373.51,L.P.,Diego Fernández,Ricardo Flores,ricardo.flores@hotmail.com,Tarjeta Crédito
LPZ-00025,27-Jun-2024,Tarjeta Gráfica NVIDIA RTX  ,4.0,4054.68,Lapaz,Roberto López,Ricardo Salazar,ricardo.salazar@ucb.edu.bo,Transferencia
LPZ-00044,2024-05-03, Memoria USB 128GB,3.0,149.84,LP,José Ríos,Ricardo Quispe,,Efectivo
LPZ-00440,13/09/2024,Teclado  Logitech  K380,4.0,383.52,LA PAZ,Pedro Gutiérrez,Sebastián Quispe,sebastián.quispe@hotmail.com,Tarjeta Débito
LPZ-00306,04-02-2024, Impresora HP DeskJet,1.0,1278.58,La Paz,Carlos Mamani,Ricardo Vargas,ricardo.vargas @ucb.edu.bo,Tarjeta Crédito
LPZ-00422,04-30-2024," Funda para Laptop 15""",1.0,153.71,LP,Carlos Mamani,Daniela Quispe,daniela.quispe@hotmail.com,Tarjeta Débito
LPZ-00308,17 de January de 2025,Memoria USB 128GB  ,1.0,bs. 171.47,LPZ,,Lorena Morales,lorena.morales@,QR
LPZ-00083,09-Jan-2025,BATERÍA EXTERNA 20000MAH,5.0,Bs 235,Lapaz,,Sebastián Rojas,sebastián.rojas@gmail.com,Efectivo
LPZ-00167,22 de February de 2025,"MONITOR LG 27""",4.0,2167.53,La Paz,María García,Andrés Fernández,andrés.fernández@ucb.edu.bo,Efectivo
LPZ-00196,04-15-2024,tarjeta gráfica nvidia rtx,-5.0,4393.14,La Paz,Roberto López,Alejandro Fernández,alejandro.fernández@yahoo.com,QR
LPZ-00347,2024/09/04,Teclado  Logitech  K380,5.0,390.71,LPZ,Ana Quispe,Carla Morales,,Tarjeta Crédito
LPZ-00125,22/03/2025,Audífonos JBL Tune  ,2.0,BOB 369.51,Lapaz,Ana Quispe,Eduardo Mamani,eduardo.mamani@gmail.com,Efectivo
LPZ-00391,2024/10/20,AUDÍFONOS SONY WH-1000,1.0,1971.05,LPZ,Diego Fernández,Martín Vargas,martín.vargas@ucb.edu.bo,Transferencia
LPZ-00102,2024-01-05,Laptop HP Pavilion,1.0,4870.27,L.P.,Valentina Morales,Verónica Fernández,verónica.fernández @ucb.edu.bo,QR
LPZ-00414,2025/03/12,"FUNDA PARA LAPTOP 15""",3.0,BOB 164.98,LPZ,Sofía Choque,Natalia Gutiérrez,natalia.gutiérrez@outlook.com,Tarjeta Crédito
LPZ-00077,27-Nov-2024,AUDÍFONOS JBL TUNE,2.0,351.33,la paz,Valentina Morales,Claudia Condori,claudia.condori@gmail.com,Transferencia
LPZ-00133,03 de June de 2024,parlante bluetooth jbl,3.0,Bs. 738.22,LP,Diego Fernández,Pablo Gutiérrez,pablo.gutiérrez@yahoo.com,Transferencia
LPZ-00242,2025-03-03, Impresora Epson L3250,4.0,Bs 1735,L.P.,Valentina Morales,Gabriela Torrez,gabriela.torrez@gmail.com,Tarjeta Crédito
LPZ-00151,2024-01-23, Cable HDMI 2m,4.0,Bs 42,La Paz,Carmen Flores,Sebastián Quispe,,Tarjeta Débito
LPZ-00424,07 de December de 2024,IMPRESORA EPSON L3250,4.0,1758.08,LP,José Ríos,Natalia Rojas,natalia.rojas@gmail.com,QR
LPZ-00027,04 de May de 2024,SSD Samsung 500GB  ,3.0,536.8,LA PAZ,Ana Quispe,Eduardo López,eduardo.lópez@gmail.com,Efectivo
LPZ-00212,15 de February de 2025,laptop lenovo thinkpad,3.0,7644.68,LA PAZ,Sofía Choque,Verónica Quispe,verónica.quispe@gmail.com,QR
LPZ-00113,29-Jul-2024, Webcam Logitech C920,,662.76,L.P.,María García,Javier Quispe,javier.quispe@gmail.com,Transferencia
LPZ-00288,2024-04-27,Batería Externa 20000mAh,2.0,215.3,LA PAZ,Carlos Mamani,Silvia Gutiérrez,silvia.gutiérrez@yahoo.com,Transferencia
LPZ-00277,27-Jul-2024,laptop dell inspiron,,6850.37,la paz,Ana Quispe,Silvia Choque,silvia.choque@gmail.com,Efectivo
LPZ-00352,2025/01/05,Bateria Externa 20000mAh,-3.0,224.18,LPZ,,Gabriela Salazar,gabriela.salazar@ucb.edu.bo,Tarjeta Débito
LPZ-00028,09/04/2024,audífonos sony wh-1000,1.0,2273.86,L.P.,Carlos Mamani,Javier Gutiérrez,javier.gutiérrez@outlook.com,QR
LPZ-00234,20-Oct-2024,Memoria USB 64GB,4.0,89.19,La Paz,Carmen Flores,Verónica Choque,,Tarjeta Débito
LPZ-00340,21-Apr-2024, Mouse Inalámbrico Logitech,3.0,,LP,Juan Pérez,Daniela Gutiérrez,daniela.gutiérrez@outlook.com,Efectivo
LPZ-00111,05 de August de 2024,Tarjeta Gráfica NVIDIA RTX  ,4.0,4215.63,LA PAZ,,Javier Gutiérrez,javier.gutiérrez@ucb.edu.bo,Tarjeta Débito
LPZ-00047,10/01/2024,Webcam  Logitech  C920,3.0,bs. 723.48,LP,Juan Pérez,Daniela Rojas,daniela.rojas@outlook.com,Transferencia
LPZ-00205,14-May-2024,Teclado Logitech K380  ,2.0,396.74,la paz,Ana Quispe,Pablo Vargas,pablo.vargas @gmail.com,QR
LPZ-00191,"February 05, 2025",Cargador Universal USB-C  ,4.0,110.91,LP,Lucía Condori,Javier Mendoza,javier.mendoza@,QR
LPZ-00223,"September 18, 2024",Laptop Lenovo ThinkPad  ,3.0,7372.65,LP,Lucía Condori,Fernando Mendoza,fernando.mendoza@ucb.edu.bo,Efectivo
LPZ-00206,2024-06-14, Hub USB 4 puertos,2.0,94.73,LPZ,María García,Verónica García,verónica.garcía@ucb.edu.bo,Transferencia
LPZ-00252,16-Mar-2025,"FUNDA PARA LAPTOP 15""",3.0,167.75,LP,María García,Mónica Mendoza,mónica.mendoza@outlook.com,QR
LPZ-00395,25 de March de 2025,AUDÍFONOS JBL TUNE,1.0,406.69,LA PAZ,Carlos Mamani,Andrés Rojas,andrés.rojas@hotmail.com,Efectivo
LPZ-00057,"February 12, 2025",laptop hp pavilion,1.0,5087.3,La Paz,Roberto López,Verónica García,verónica.garcía@ucb.edu.bo,Tarjeta Débito
LPZ-00149,"January 10, 2024",Laptop Lenovo ThinkPad  ,3.0,7354.33,L.P.,Roberto López,Lorena Fernández,lorena.fernández@gmail.com,Efectivo
LPZ-00088,"April 02, 2024", Router WiFi TP-Link,3.0,430.08,Lapaz,José Ríos,Pablo Condori,pablo.condori@ucb.edu.bo,QR
LPZ-00091,20-Feb-2025,Mouse Gamer Razer,3.0,512.89,Lapaz,Valentina Morales,Miguel López,miguel.lópez@outlook.com,Transferencia
LPZ-00098,2024-12-13, SSD Samsung 500GB,-1.0,Bs 523,LPZ,Ana Quispe,Mónica García,@gmail.com,QR
LPZ-00059,19/04/2024,teclado logitech k380,1.0,360.94,LPZ,Roberto López,Sebastián García,sebastián.garcía@ucb.edu.bo,Tarjeta Crédito
LPZ-00117,02-06-2024, Cable HDMI 2m,1.0,38.98,Lapaz,Ana Quispe,Lorena Mendoza,lorena.mendoza@yahoo.com,Efectivo
LPZ-00165,09 de July de 2024,Audífonos Sony WH-1000  ,,2049.22,la paz,Carmen Flores,Martín Torrez,martín.torrez@hotmail.com,QR
LPZ-00070,20-Nov-2024,"monitor samsung 24""",1.0,1970.2,LP,Juan Pérez,Javier Gutiérrez,javier.gutiérrez@ucb.edu.bo,Efectivo
LPZ-00323,03-05-2024,tarjeta gráfica nvidia rtx,3.0,3987.54 Bs,L.P.,Carmen Flores,Mónica Quispe,,QR
LPZ-00294,"February 05, 2025",Memoria  USB  128GB,1.0,Bs. 146.31,LP,Diego Fernández,Sebastián Vargas,sebastián.vargas@yahoo.com,QR
LPZ-00366,21 de October de 2024,Tablet iPad Air,4.0,bs. 5514.45,La Paz,Carlos Mamani,Ricardo Flores,ricardo.flores@hotmail.com,Tarjeta Crédito
LPZ-00368,13/04/2028,Disco Duro Externo 1TB,4.0,528.01,la paz,Valentina Morales,Silvia Morales,silvia.morales@gmail.com,Transferencia
LPZ-00214,04-Jul-2024,Tablet iPad Air,3.0,Bs.4891.01,La Paz,Valentina Morales,Carla Fernández,carla.fernández@gmail.com,Tarjeta Débito
LPZ-00307,2024-02-25,Cargador Universal USB-C,2.0,Bs.104.71,LPZ,,Andrés Choque,andrés.choquegmail.com,Tarjeta Crédito
LPZ-00267,05-06-2024,Router WiFi TP-Link  ,5.0,466.43,LPZ,Carlos Mamani,Martín Fernández,,Efectivo
LPZ-00270,2024/08/28,impresora hp deskjet,1.0,BOB 1191.65,LPZ,Juan Pérez,Eduardo García,@yahoo.com,QR
LPZ-00297,10 de August de 2024,"MONITOR SAMSUNG 24""",2.0,1939.82,LA PAZ,Valentina Morales,Mónica Vargas,mónica.vargas@hotmail.com,Efectivo
LPZ-00342,2025-02-13,Bateria Externa 20000mAh,4.0,247.37,Lapaz,Carlos Mamani,Andrés García,andrés.garcía@yahoo.com,Tarjeta Débito
LPZ-00434,09/05/2024,"Funda  para  Laptop  15""",2.0,Bs.145.03,L.P.,Pedro Gutiérrez,Sebastián Mamani,sebastián.mamani@hotmail.com,Efectivo
LPZ-00309,29 de November de 2024,"Monitor Samsung 24""",4.0,,L.P.,,Carla Fernández,carla.fernández@ucb.edu.bo,Efectivo
LPZ-00100,07-14-2024,IMPRESORA HP DESKJET,2.0,1336.01,LPZ,Carlos Mamani,Mónica Rojas,,Tarjeta Débito
LPZ-00302,2024-10-10,Mouse  Gamer  Razer,2.0,,la paz,Lucía Condori,Martín Quispe,,Transferencia
LPZ-00041,17 de May de 2024,Tablet Samsung Galaxy Tab  ,4.0,3382.02,La Paz,Carmen Flores,Lorena Rojas,lorena.rojas@hotmail.com,Efectivo
LPZ-00226,15-Feb-2025,Disco Duro Externo 1TB  ,3.0,BOB 612.65,La Paz,María García,Fernando Gutiérrez,fernando.gutiérrez@hotmail.com,QR
LPZ-00092,01-18-2024, Impresora Epson L3250,-5.0,1438.92,la paz,,Andrés Mamani,,Tarjeta Débito
LPZ-00135,20 de September de 2024, Impresora HP DeskJet,5.0,1157.81,L.P.,José Ríos,Gabriela Flores,gabriela.flores@gmail.com,Tarjeta Crédito
LPZ-00090,11/02/2025,"funda para laptop 15""",2.0,168.01,LP,José Ríos,Eduardo Condori,,Efectivo
LPZ-00232,13 de June de 2024, Router WiFi TP-Link,3.0,373.04,L.P.,Sofía Choque,Alejandro Choque,alejandro.choque@gmail.com,Tarjeta Débito
LPZ-00103,03-03-2024,Audífonos JBL Tune,1.0,380.43,Lapaz,Valentina Morales,Natalia Vargas,natalia.vargas@gmail.com,Transferencia
LPZ-00354,"May 01, 2024", Impresora Epson L3250,5.0,1539.43,la paz,Juan Pérez,Claudia Quispe,@gmail.com,Efectivo
LPZ-00295,2024-03-28,Webcam  Logitech  C920,2.0,620.09 Bs,LA PAZ,Carmen Flores,Mónica Morales,mónica.morales@gmail.com,Tarjeta Crédito
LPZ-00171,01-Nov-2024,Laptop HP Pavilion,4.0,5450.98,LP,Roberto López,Alejandro Morales,alejandro.morales@gmail.com,Tarjeta Crédito
LPZ-00311,14 de March de 2025, Tarjeta Gráfica NVIDIA RTX,2.0,,La Paz,María García,Natalia Flores,natalia.flores@outlook.com,Efectivo
LPZ-00446,23-Feb-2025,audífonos sony wh-1000,2.0,1892.93,Lapaz,Juan Pérez,Lorena Vargas,lorena.vargas@ucb.edu.bo,QR
LPZ-00384,14-Dec-2024, Impresora Epson L3250,5.0,1726.63,L.P.,Diego Fernández,Fernando Mendoza,fernando.mendoza@gmail.com,Tarjeta Débito
LPZ-00431,"February 29, 2024",LAPTOP DELL INSPIRON,4.0,5798.57,la paz,Sofía Choque,Gabriela Vargas,gabriela.vargas@yahoo.com,Transferencia
LPZ-00015,11-12-2024,Impresora HP DeskJet,3.0,1204.15,L.P.,Diego Fernández,Daniela Morales,daniela.morales@gmail.com,Transferencia
LPZ-00424,07 de December de 2024,IMPRESORA EPSON L3250,4.0,1758.08,LP,José Ríos,Natalia Rojas,natalia.rojas@gmail.com,QR
LPZ-00430,"June 30, 2024",Laptop Lenovo ThinkPad  ,2.0,bs. 8207.21,L.P.,José Ríos,Lorena Salazar,lorena.salazar@outlook.com,QR
LPZ-00121,2024/02/08,Laptop Lenovo ThinkPad  ,4.0,,LA PAZ,Lucía Condori,Pablo García,pablo.garcía@gmail.com,Tarjeta Débito
LPZ-00043,04 de May de 2024,"Monitor LG 27""  ",2.0,2357.8,L.P.,Roberto López,Gabriela Quispe,gabriela.quispegmail.com,Efectivo
LPZ-00197,15/04/2024,memoria usb 64gb,1.0,76.15,La Paz,José Ríos,Patricia Torrez,patricia.torrez@hotmail.com,Tarjeta Crédito
LPZ-00034,30 de September de 2024,ROUTER WIFI TP-LINK,5.0,422.11,L.P.,José Ríos,Gabriela Vargas,gabriela.vargasgmail.com,Tarjeta Débito
LPZ-00447,03-21-2024,Audífonos Sony WH-1000,3.0,1888.55,L.P.,Juan Pérez,Carla Mamani,carla.mamani@gmail.com,Tarjeta Débito
LPZ-00405,2024/06/06,Impresora Epson L3250,4.0,Bs.1737.24,LP,María García,Gabriela Torrez,gabriela.torrez@yahoo.com,Tarjeta Crédito
LPZ-00383,2025/01/04,"Monitor Samsung 24""",5.0,2020.88,LA PAZ,Juan Pérez,Gabriela García,gabriela.garcía@ucb.edu.bo,Efectivo
LPZ-00444,08-Sep-2024,Cable  HDMI  2m,3.0,44.64,La Paz,Roberto López,Silvia Fernández,silvia.fernández@hotmail.com,Tarjeta Crédito
LPZ-00301,10-May-2024,Laptop HP Pavilion,1.0,5373.51,L.P.,Diego Fernández,Ricardo Flores,,Tarjeta Crédito
LPZ-00274,06-01-2024, Impresora HP DeskJet,1.0,1031.0,LPZ,Sofía Choque,Claudia Morales,claudia.morales@hotmail.com,Transferencia
LPZ-00017,30 de April de 2024,Kit Limpieza Pantalla,1.0,31.06 Bs,L.P.,Carmen Flores,Verónica López,,Efectivo
LPZ-00159,2024-06-21,Laptop Dell Inspiron,-4.0,5861.5,LA PAZ,Pedro Gutiérrez,Claudia Gutiérrez,claudia.gutiérrez@yahoo.com,Transferencia
LPZ-00244,18 de October de 2024,disco duro externo 1tb,4.0,533.65,LA PAZ,Valentina Morales,Martín Mendoza,martín.mendoza@ucb.edu.bo,Transferencia
LPZ-00067,02 de March de 2025,Bateria Externa 20000mAh,5.0,196.81,Lapaz,María García,Sebastián Fernández,sebastián.fernández@gmail.com,QR
LPZ-00400,2024-11-09,Impresora Epson L3250,2.0,1508.16,LA PAZ,Lucía Condori,Andrés Torrez,andrés.torrez@gmail.com,QR
LPZ-00417,16-Nov-2024,Memoria USB 64GB  ,3.0,83.88,L.P.,Pedro Gutiérrez,Natalia Mendoza,,QR
LPZ-00120,04-06-2024,"Monitor LG 27""",1.0,2543.6,LP,Sofía Choque,Silvia Mendoza,silvia.mendoza @ucb.edu.bo,Transferencia
LPZ-00426,16 de October de 2024,Webcam Logitech C920,4.0,BOB 563.86,Lapaz,Lucía Condori,Andrés Flores,,Tarjeta Crédito
LPZ-00066,05-12-2024,Mouse Inalámbrico Logitech  ,1.0,198.59,La Paz,Roberto López,Miguel Quispe,miguel.quispe@gmail.com,Tarjeta Débito
LPZ-00442,12-28-2024,hub usb 4 puertos,3.0,86.9,La Paz,María García,Mónica Torrez,mónica.torrez@gmail.com..,Efectivo
LPZ-00010,25 de March de 2024,Impresora  HP  DeskJet,3.0,1273.73,LA PAZ,Pedro Gutiérrez,Carla Flores,carla.flores@gmail.com,QR
LPZ-00019,"November 26, 2024","MONITOR LG 27""",5.0,2828.77,L.P.,,Sebastián Rojas,sebastián.rojas@hotmail.com,Tarjeta Débito
LPZ-00154,18-Oct-2024,tablet samsung galaxy tab,2.0,,Lapaz,Pedro Gutiérrez,Miguel Torrez,,Efectivo
LPZ-00369,2024-08-07,teclado logitech k380,4.0,Bs 353,LP,Ana Quispe,Martín Vargas,martín.vargas@gmail.com,Transferencia
LPZ-00257,2024/04/27,MOUSE GAMER RAZER,2.0,436.9 Bs,LPZ,Valentina Morales,Claudia Morales,claudia.morales@yahoo.com,Tarjeta Crédito
LPZ-00449,02-07-2025,Laptop HP Pavilion  ,4.0,5165.24,LP,Diego Fernández,Alejandro Morales,alejandro.morales@yahoo.com,Transferencia
LPZ-00273,13/06/2024,Impresora  HP  DeskJet,2.0,,LA PAZ,Juan Pérez,Martín Choque,martín.choque@hotmail.com,Tarjeta Débito
LPZ-00134,"March 11, 2025", Parlante Bluetooth JBL,5.0,Bs.789.8,LP,Roberto López,Eduardo Fernández,,Transferencia
LPZ-00215,2024-09-06,TARJETA GRÁFICA NVIDIA RTX,5.0,Bs. 4040.95,LA PAZ,Ana Quispe,Daniela Gutiérrez,daniela.gutiérrez@outlook.com,Tarjeta Crédito
LPZ-00254,13-Jan-2025,Tablet  Samsung  Galaxy  Tab,1.0,2752.06,Lapaz,Carmen Flores,Gabriela Rojas,gabriela.rojas@ucb.edu.bo,Tarjeta Débito
LPZ-00271,"February 27, 2025", Kit Limpieza Pantalla,5.0,37.12,L.P.,Diego Fernández,Carla Morales,,QR
LPZ-00162,2024/04/21,Adaptador HDMI a VGA  ,3.0,71.23,la paz,Juan Pérez,Daniela Vargas,daniela.vargas@ucb.edu.bo,QR
LPZ-00287,2024/08/18,"Monitor Samsung 24""",-2.0,2001.78,Lapaz,Lucía Condori,Ricardo Rojas,ricardo.rojas@ucb.edu.bo,Efectivo
LPZ-00341,2024-10-02,Laptop HP Pavilion  ,1.0,5536.34,LA PAZ,Diego Fernández,Carla Fernández,@outlook.com,Efectivo
LPZ-00322,"February 20, 2024"," Funda para Laptop 15""",1.0,,La Paz,Juan Pérez,Sebastián Mamani,sebastián.mamani@gmail.com,Tarjeta Crédito
LPZ-00367,26/05/2024,Bateria Externa 20000mAh,5.0,215.29,LP,Sofía Choque,Sebastián Fernández,sebastián.fernández@ucb.edu.bo,QR
LPZ-00407,17/01/2025,Laptop Dell Inspiron,1.0,6450.08,La Paz,María García,Andrés Quispe,andrés.quispe@gmail.com,Tarjeta Débito
LPZ-00002,2024/05/26,Batería Externa 20000mAh,3.0,209.24,la paz,Lucía Condori,Ricardo Gutiérrez,ricardo.gutiérrez@outlook.com,Transferencia
LPZ-00225,13 de February de 2024,Tarjeta  Gráfica  NVIDIA  RTX,5.0,Bs 3979,LA PAZ,Diego Fernández,Javier Mendoza,javier.mendoza@ucb.edu.bo,Tarjeta Crédito
LPZ-00208,17-Aug-2024,BATERÍA EXTERNA 20000MAH,5.0,222.13,la paz,Carmen Flores,Martín López,martín.lópez@hotmail.com,Tarjeta Crédito
LPZ-00118,28-Oct-2024,MOUSE GAMER RAZER,5.0,BOB 406.4,L.P.,María García,Gabriela Rojas,gabriela.rojas@yahoo.com,Tarjeta Crédito
LPZ-00404,15/07/2024,teclado logitech k380,1.0,,LPZ,Ana Quispe,Gabriela Rojas,gabriela.rojas@,Tarjeta Débito
LPZ-00339,09-15-2024,ROUTER WIFI TP-LINK,3.0,Bs.406.25,La Paz,María García,Pablo López,,Efectivo
LPZ-00346,07/07/2024,Teclado  Logitech  K380,1.0,bs. 358.7,La Paz,Carmen Flores,Sebastián Mamani,sebastián.mamani@ucb.edu.bo,Tarjeta Crédito
LPZ-00265,"September 30, 2024",Parlante Bluetooth JBL,5.0,770.33,LPZ,Juan Pérez,Pablo García,pablo.garcía@ucb.edu.bo,Tarjeta Crédito
LPZ-00275,28-Jun-2024,"Funda para Laptop 15""",4.0,bs. 168.48,LA PAZ,Juan Pérez,Martín Quispe,,Tarjeta Crédito
LPZ-00071,27-Oct-2024,Cable  HDMI  2m,5.0,BOB 39.36,LA PAZ,Sofía Choque,Martín Condori,martín.condori@outlook.com,QR
LPZ-00129,14 de July de 2024,Webcam Logitech C920  ,4.0,602.74,LP,Juan Pérez,Mónica Gutiérrez,mónica.gutiérrez@ucb.edu.bo,Efectivo
LPZ-00363,31 de January de 2024,laptop lenovo thinkpad,1.0,7647.93,la paz,Juan Pérez,Carla Rojas,carla.rojas@gmail.com,Tarjeta Débito
LPZ-00099,05 de September de 2024,LAPTOP HP PAVILION,1.0,5790.09,La Paz,Carlos Mamani,Ricardo Salazar,ricardo.salazar@yahoo.com,Tarjeta Débito
LPZ-00387,03-11-2025, Disco Duro Externo 1TB,1.0,517.06,Lapaz,Valentina Morales,Gabriela Choque,gabriela.choque@gmail.com,Tarjeta Débito
LPZ-00022,08 de October de 2024,Audífonos Sony WH-1000,1.0,Bs. 2355.09,L.P.,José Ríos,Mónica Quispe,,Transferencia
LPZ-00194,20/03/2028,webcam logitech c920,5.0,637.05,LPZ,María García,Daniela García,daniela.garcía @ucb.edu.bo,Tarjeta Crédito
LPZ-00006,02-08-2025,Procesador AMD Ryzen 5,4.0,Bs.1889.49,la paz,José Ríos,Gabriela Salazar,gabriela.salazar@outlook.com,Transferencia
LPZ-00392,31-Aug-2024,memoria usb 128gb,3.0,,La Paz,José Ríos,Daniela Salazar,daniela.salazar@gmail.com,Efectivo
LPZ-00314,"March 07, 2024",audífonos jbl tune,3.0,390.2,LP,Lucía Condori,Martín Mamani,martín.mamani@yahoo.com,QR
LPZ-00136,2025/03/19, Teclado Logitech K380,-1.0,326.24,LP,Ana Quispe,Javier Vargas,javier.vargas@yahoo.com,Tarjeta Crédito
LPZ-00415,20 de November de 2024, Laptop Lenovo ThinkPad,1.0,7179.78,Lapaz,José Ríos,Fernando Salazar,fernando.salazar@ucb.edu.bo,Transferencia
LPZ-00360,27/04/2024,impresora hp deskjet,4.0,,La Paz,Juan Pérez,Javier Salazar,javier.salazar@outlook.com,Tarjeta Crédito
LPZ-00199,2025/02/21,impresora epson l3250,5.0,Bs.1843.77,La Paz,Lucía Condori,Patricia Quispe,patricia.quispe@hotmail.com,QR
LPZ-00396,2024/12/25,laptop dell inspiron,3.0,BOB 5815.87,L.P.,Carmen Flores,Ricardo Rojas,ricardo.rojas@,Tarjeta Débito
LPZ-00204,12-17-2024,Adaptador HDMI a VGA  ,,55.91,L.P.,Pedro Gutiérrez,Verónica Torrez,verónica.torrez@hotmail.com..,Efectivo
LPZ-00068,29-Oct-2024,Impresora HP DeskJet,4.0,1177.67,LA PAZ,Carmen Flores,Natalia Flores,,Tarjeta Débito
LPZ-00224,20-Aug-2024,tablet samsung galaxy tab,1.0,3508.23,LP,Diego Fernández,Eduardo Morales,@ucb.edu.bo,QR
LPZ-00128,"September 16, 2024", Audífonos Sony WH-1000,5.0,2384.68,LP,Sofía Choque,Silvia Mendoza,silvia.mendoza@hotmail.com,Efectivo
LPZ-00144,"May 01, 2024",TECLADO LOGITECH K380,1.0,372.27,Lapaz,María García,Miguel Choque,miguel.choque@hotmail.com,Tarjeta Crédito
LPZ-00140,2024-01-01,Parlante Bluetooth JBL  ,1.0,895.0,Lapaz,Diego Fernández,Lorena Choque,lorena.choque@hotmail.com,QR
LPZ-00219,2025/03/21," Funda para Laptop 15""",,160.78,L.P.,,Natalia Salazar,natalia.salazar@outlook.com,QR
LPZ-00362,"March 03, 2024",Tablet Samsung Galaxy Tab  ,2.0,BOB 3469.87,LA PAZ,José Ríos,Daniela Salazar,daniela.salazar@,Transferencia
LPZ-00158,07-04-2024, Procesador AMD Ryzen 5,2.0,1960.22,LP,José Ríos,Claudia Choque,claudia.choque@outlook.com,Tarjeta Débito
LPZ-00095,29 de August de 2024,"monitor lg 27""",3.0,2307.04,LPZ,Pedro Gutiérrez,Patricia Quispe,patricia.quispe@yahoo.com,Transferencia
LPZ-00256,"June 12, 2024", Laptop HP Pavilion,-1.0,5820.76,La Paz,Juan Pérez,Lorena Quispe,@hotmail.com,Efectivo
LPZ-00448,"July 29, 2024",Mouse  Inalámbrico  Logitech,1.0,,L.P.,José Ríos,Miguel López,@hotmail.com,Efectivo
LPZ-00132,02 de November de 2024,LAPTOP LENOVO THINKPAD,5.0,,la paz,Roberto López,Martín García,martín.garcíagmail.com,Transferencia
LPZ-00227,2025-01-05,Router WiFi TP-Link,-5.0,373.61,LPZ,María García,Gabriela Morales,gabriela.morales@ucb.edu.bo,QR
LPZ-00040,"November 16, 2024",Memoria USB 64GB,4.0,78.27,LPZ,Lucía Condori,Lorena Morales,,Transferencia
LPZ-00361,14 de July de 2024,Audifonos Sony WH-1000,5.0,2018.54,la paz,Juan Pérez,Martín Condori,martín.condori@gmail.com,Tarjeta Crédito
LPZ-00142,26 de March de 2025,Procesador  AMD  Ryzen  5,1.0,2020.46,la paz,María García,Daniela Choque,daniela.choque@hotmail.com,Efectivo
LPZ-00190,21 de July de 2024,Adaptador HDMI a VGA,2.0,68.37,L.P.,Pedro Gutiérrez,Ricardo Mamani,ricardo.mamani@outlook.com,Tarjeta Débito
LPZ-00423,"August 16, 2024", Procesador AMD Ryzen 5,1.0,Bs.1939.85,la paz,Pedro Gutiérrez,Eduardo Vargas,eduardo.vargas@hotmail.com,Transferencia
LPZ-00412,"January 20, 2025",Tablet iPad Air  ,1.0,4643.52,LP,Sofía Choque,Martín Mendoza,martín.mendoza@gmail.com,Tarjeta Débito
LPZ-00249,2024-01-24,Mouse Inalámbrico Logitech  ,1.0,204.03,LPZ,Diego Fernández,Patricia Gutiérrez,patricia.gutiérrez@hotmail.com..,Efectivo
LPZ-00039,25/07/2028,Laptop Lenovo ThinkPad,5.0,8308.72,LA PAZ,,Verónica Gutiérrez,verónica.gutiérrez@hotmail.com,Tarjeta Crédito
LPZ-00243,25 de April de 2024,"Funda para Laptop 15""  ",4.0,171.96,LA PAZ,Carmen Flores,Fernando Vargas,fernando.vargas@ucb.edu.bo,Efectivo
LPZ-00390,"March 17, 2024",Tarjeta Grafica NVIDIA RTX,5.0,4143.12,Lapaz,José Ríos,Ricardo Vargas,ricardo.vargasgmail.com,Tarjeta Crédito
LPZ-00139,"April 14, 2024","Monitor LG 27""",3.0,2816.67,la paz,Juan Pérez,Natalia Mendoza,natalia.mendoza@outlook.com,Tarjeta Débito
LPZ-00023,28 de September de 2024,ssd samsung 500gb,1.0,Bs.503.42,Lapaz,Lucía Condori,Daniela Rojas,,Tarjeta Débito
LPZ-00160,2024-03-03, Memoria USB 64GB,,BOB 88.67,L.P.,Lucía Condori,Eduardo Salazar,eduardo.salazar@ucb.edu.bo,Tarjeta Crédito
LPZ-00026,13 de August de 2024,"Monitor  Samsung  24""",2.0,1810.53,La Paz,Roberto López,Verónica Fernández,,Efectivo
LPZ-00184,02-28-2024,Webcam Logitech C920,5.0,586.31,Lapaz,Lucía Condori,Verónica Fernández,verónica.fernández@ucb.edu.bo,QR
LPZ-00241,2024/07/17,Impresora HP DeskJet,2.0,,la paz,Ana Quispe,Fernando Salazar,fernando.salazar@ucb.edu.bo,QR
LPZ-00014,02-Feb-2024,Laptop HP Pavilion,3.0,,Lapaz,Valentina Morales,Natalia García,natalia.garcía@ucb.edu.bo,Tarjeta Crédito
LPZ-00146,15 de November de 2024,"monitor samsung 24""",4.0,1943.18,LPZ,Carlos Mamani,Eduardo Quispe,eduardo.quispegmail.com,Transferencia
LPZ-00389,"April 01, 2024",Laptop Dell Inspiron,3.0,5678.02,LA PAZ,Carlos Mamani,Verónica Torrez,,Tarjeta Crédito
LPZ-00315,14/02/2025,Laptop  Dell  Inspiron,2.0,5923.27,LA PAZ,Roberto López,Silvia Flores,silvia.flores@outlook.com,Tarjeta Crédito
LPZ-00079,27-Sep-2024,HUB USB 4 PUERTOS,,101.21,La Paz,Carlos Mamani,Mónica Mamani,mónica.mamani@,Tarjeta Débito
LPZ-00321,16/07/2024,Laptop Lenovo ThinkPad,4.0,6666.91,la paz,Ana Quispe,Alejandro López,alejandro.lópez@hotmail.com,Efectivo
LPZ-00397,06-Jan-2025,procesador amd ryzen 5,,Bs.1899.79,la paz,Carmen Flores,Andrés Morales,andrés.moralesgmail.com,Tarjeta Débito
LPZ-00374,12 de June de 2024,"MONITOR SAMSUNG 24""",2.0,bs. 1634.72,LP,José Ríos,Javier Choque,javier.choque@gmail.com,Efectivo
LPZ-00416,20/09/2028,BATERÍA EXTERNA 20000MAH,4.0,244.08,LP,,Miguel Choque,miguel.choque@,Tarjeta Crédito
LPZ-00053,17/05/2028,Disco Duro Externo 1TB,5.0,503.74,L.P.,Diego Fernández,Fernando Choque,,Transferencia
LPZ-00432,05 de June de 2024,Bateria Externa 20000mAh,1.0,200.9,la paz,,Lorena Gutiérrez,lorena.gutiérrez@yahoo.com,Tarjeta Débito
LPZ-00035,"June 16, 2024",Router  WiFi  TP-Link,3.0,406.48,L.P.,Lucía Condori,Martín Mamani,martín.mamani@ucb.edu.bo,Tarjeta Débito
LPZ-00335,"July 01, 2024",Impresora HP DeskJet  ,2.0,1264.75,la paz,Diego Fernández,Ricardo Fernández,ricardo.fernández@outlook.com,QR
LPZ-00383,2025/01/04,"Monitor Samsung 24""",5.0,2020.88,LA PAZ,Juan Pérez,Gabriela García,gabriela.garcía@ucb.edu.bo,Efectivo
LPZ-00185,2024/09/17,Impresora  Epson  L3250,3.0,1446.34,la paz,Lucía Condori,Eduardo Fernández,eduardo.fernández@hotmail.com,Tarjeta Crédito
LPZ-00312,2024-10-04,mouse gamer razer,1.0,510.07,La Paz,Carlos Mamani,Andrés López,,QR
LPZ-00326,"March 06, 2025",SSD SAMSUNG 500GB,2.0,462.18,LA PAZ,Juan Pérez,Patricia Salazar,patricia.salazar@outlook.com,Efectivo
LPZ-00188,03-Jan-2024,Disco Duro Externo 1TB,1.0,574.9,La Paz,Sofía Choque,Ricardo López,ricardo.lópez@hotmail.com,Efectivo
LPZ-00285,2024/08/27,Tablet iPad Air,2.0,,La Paz,Lucía Condori,Eduardo López,eduardo.lópez@hotmail.com,Efectivo
LPZ-00436,30-May-2024,teclado logitech k380,1.0,313.39,LA PAZ,Pedro Gutiérrez,Claudia Salazar,claudia.salazar@hotmail.com,Efectivo
LPZ-00166,03 de March de 2025,Laptop HP Pavilion,5.0,bs. 5204.69,Lapaz,Ana Quispe,Miguel Morales,miguel.morales@gmail.com..,Tarjeta Crédito
LPZ-00376,31-Jan-2024,kit limpieza pantalla,4.0,Bs.30.17,L.P.,Juan Pérez,Verónica Quispe,verónica.quispe@yahoo.com,Tarjeta Débito
LPZ-00299,"August 12, 2024",Kit Limpieza Pantalla,3.0,36.19,La Paz,,Pablo Gutiérrez,pablo.gutiérrez@hotmail.com,Efectivo
LPZ-00024,2024/06/28, Kit Limpieza Pantalla,1.0,33.85,Lapaz,,Claudia Morales,claudia.morales@ucb.edu.bo,Transferencia
LPZ-00443,29 de March de 2024,Memoria USB 128GB,1.0,155.8,L.P.,Carmen Flores,Ricardo Rojas,ricardo.rojas@gmail.com,Transferencia
LPZ-00348,03 de June de 2024,Router WiFi TP-Link,4.0,bs. 444.65,LA PAZ,Ana Quispe,Carla Salazar,carla.salazar@outlook.com,Tarjeta Débito
LPZ-00402,"March 16, 2025",TARJETA GRÁFICA NVIDIA RTX,3.0,4714.83 Bs,LP,Pedro Gutiérrez,Javier Quispe,javier.quispe@gmail.com,Tarjeta Crédito
LPZ-00183,01-20-2024,Memoria USB 64GB,2.0,84.96,La Paz,Valentina Morales,Javier Vargas,javier.vargas@hotmail.com,Efectivo
LPZ-00344,05/04/2024, Mouse Gamer Razer,2.0,406.78,LPZ,Ana Quispe,Carla Mamani,carla.mamani@ucb.edu.bo,Tarjeta Débito
LPZ-00042,02/06/2024,Tablet Samsung Galaxy Tab  ,4.0,bs. 2750.11,LP,Sofía Choque,Mónica Torrez,mónica.torrez@yahoo.com,Efectivo
LPZ-00357,03-28-2025,Router  WiFi  TP-Link,,Bs. 404.23,LPZ,Roberto López,Miguel Mamani,miguel.mamani@ucb.edu.bo,Tarjeta Débito
LPZ-00237,22 de May de 2024,"MONITOR SAMSUNG 24""",,1594.6,Lapaz,Pedro Gutiérrez,Ricardo Choque,,Efectivo
LPZ-00409,2024/03/16,Tablet  iPad  Air,-1.0,5028.72,L.P.,Juan Pérez,Pablo Flores,pablo.flores@hotmail.com,Tarjeta Débito
LPZ-00351,12-26-2024,memoria usb 64gb,4.0,81.43,LPZ,Carlos Mamani,Fernando López,fernando.lópez@,Tarjeta Débito
LPZ-00076,2024/03/15,Cargador  Universal  USB-C,5.0,BOB 130.32,L.P.,Roberto López,Andrés Mendoza,@gmail.com,Tarjeta Débito
LPZ-00032,08-Mar-2024,Tarjeta Grafica NVIDIA RTX,2.0,5170.94,La Paz,Ana Quispe,Silvia Condori,silvia.condori@hotmail.com,Tarjeta Débito
LPZ-00350,2025/02/18,DISCO DURO EXTERNO 1TB,5.0,605.65,LA PAZ,Ana Quispe,Verónica Fernández,verónica.fernández@gmail.com,QR
LPZ-00046,02-18-2025,Audífonos Sony WH-1000  ,2.0,1870.03,LPZ,Ana Quispe,Andrés Fernández,andrés.fernández@hotmail.com,QR
LPZ-00441,"December 10, 2024",Memoria USB 128GB  ,5.0,151.4,LP,Carmen Flores,Verónica Fernández,verónica.fernández@ucb.edu.bo,Efectivo
LPZ-00109,06-14-2024,Memoria  USB  64GB,4.0,,LA PAZ,Juan Pérez,Claudia Condori,,Efectivo
LPZ-00106,17-Mar-2025,Batería Externa 20000mAh  ,2.0,201.34,LA PAZ,Valentina Morales,Sebastián Mamani,sebastián.mamani@hotmail.com,QR
LPZ-00150,2025-02-05,Parlante Bluetooth JBL,3.0,728.22 Bs,LPZ,María García,Claudia Vargas,claudia.vargas@outlook.com,Tarjeta Crédito
LPZ-00030,2024-03-19,"Monitor LG 27""",2.0,2558.67,L.P.,Juan Pérez,Natalia Torrez,,Efectivo
LPZ-00182,2025-03-30,Bateria Externa 20000mAh,2.0,237.91 Bs,Lapaz,Lucía Condori,Eduardo Mamani,,Transferencia
LPZ-00110,16 de March de 2025, Adaptador HDMI a VGA,1.0,66.32,La Paz,,Fernando Vargas,fernando.vargas@hotmail.com,QR
LPZ-00123,2024/10/29,Laptop  Lenovo  ThinkPad,4.0,7104.22,LP,Juan Pérez,Pablo Torrez,,Tarjeta Débito
LPZ-00445,11-Feb-2024,TECLADO LOGITECH K380,1.0,324.69,LA PAZ,María García,Claudia Condori,claudia.condori@hotmail.com,QR
LPZ-00105,06/02/2024,Impresora Epson L3250,3.0,Bs.1532.86,la paz,Diego Fernández,Claudia Gutiérrez,claudia.gutiérrez@ucb.edu.bo,Efectivo
LPZ-00061,29/07/2024, Mouse Inalámbrico Logitech,2.0,Bs 195,la paz,,Daniela López,daniela.lópezgmail.com,Tarjeta Débito
LPZ-00147,2025-01-08,Teclado Logitech K380,3.0,332.19,la paz,Ana Quispe,Claudia Fernández,claudia.fernández@outlook.com,QR
LPZ-00084,21/01/2025,Impresora  HP  DeskJet,3.0,1126.15,La Paz,Carlos Mamani,Fernando Condori,fernando.condori @gmail.com,Transferencia
LPZ-00316,2024/07/07, Tarjeta Gráfica NVIDIA RTX,5.0,4193.0,L.P.,,Verónica López,verónica.lópez@hotmail.com,Transferencia
LPZ-00382,07/08/2024,Tarjeta Gráfica NVIDIA RTX,3.0,4114.63,LA PAZ,Carlos Mamani,Carla Mendoza,carla.mendoza@outlook.com..,Transferencia
LPZ-00410,07-Apr-2024, Tablet iPad Air,4.0,bs. 4133.53,LA PAZ,María García,Martín Mamani,martín.mamani@outlook.com,Efectivo
LPZ-00228,2024-02-01, Impresora Epson L3250,,Bs 1753,La Paz,José Ríos,Patricia Quispe,patricia.quispe@hotmail.com,Efectivo
LPZ-00419,"October 09, 2024",Kit  Limpieza  Pantalla,3.0,30.24,La Paz,,Miguel Vargas,miguel.vargas@hotmail.com,Tarjeta Crédito
LPZ-00152,25-Jul-2024,Tarjeta Gráfica NVIDIA RTX  ,3.0,4879.28,la paz,José Ríos,Patricia Rojas,patricia.rojas@yahoo.com,Tarjeta Crédito
LPZ-00001,2024/01/29, Teclado Logitech K380,,Bs.354.82,LP,,Martín Gutiérrez,,Efectivo
LPZ-00268,06-03-2024,Cable  HDMI  2m,2.0,,La Paz,Lucía Condori,Martín Vargas,martín.vargas@gmail.com,QR
LPZ-00420,2024/01/26, Audífonos Sony WH-1000,2.0,1950.69,la paz,Carlos Mamani,Patricia Salazar,patricia.salazar@yahoo.com,QR
LPZ-00089,04-04-2024,CABLE HDMI 2M,-4.0,44.49,L.P.,Carlos Mamani,Javier Mamani,javier.mamani@outlook.com,Efectivo
LPZ-00078,12-06-2024, Cable HDMI 2m,5.0,38.39,la paz,Sofía Choque,Martín García,martín.garcía@gmail.com,Efectivo
LPZ-00269,"November 13, 2024", Tarjeta Gráfica NVIDIA RTX,4.0,4999.64,Lapaz,,Javier Flores,javier.flores@gmail.com,Efectivo
LPZ-00124,2024/12/01, Audífonos JBL Tune,3.0,,LP,Ana Quispe,Martín Morales,martín.morales@gmail.com,Efectivo
LPZ-00298,02-23-2024,WEBCAM LOGITECH C920,,706.35,Lapaz,,Martín García,martín.garcía@gmail.com,Transferencia
LPZ-00370,29-Dec-2024,Tablet iPad Air,2.0,,LA PAZ,María García,Eduardo Rojas,eduardo.rojas@,QR
LPZ-00096,2024/02/28,Audifonos Sony WH-1000,3.0,2368.58,La Paz,,Andrés Vargas,andrés.vargas@gmail.com,Tarjeta Crédito
LPZ-00164,01-27-2024,Tablet  iPad  Air,2.0,Bs 4211,LPZ,Pedro Gutiérrez,Carla Quispe,carla.quispe@gmail.com,QR
LPZ-00012,"September 06, 2024",Teclado Logitech K380  ,2.0,377.68,la paz,Diego Fernández,Silvia García,,Tarjeta Débito
LPZ-00115,10-06-2024,"Monitor  Samsung  24""",1.0,,L.P.,Pedro Gutiérrez,Silvia Gutiérrez,silvia.gutiérrez@outlook.com,Tarjeta Crédito
LPZ-00332,"March 21, 2025",Tablet Samsung Galaxy Tab,3.0,3549.4,Lapaz,Roberto López,Miguel Vargas,miguel.vargas@ucb.edu.bo,Efectivo
LPZ-00258,2024-06-21,IMPRESORA EPSON L3250,2.0,1628.18,la paz,Carmen Flores,Martín Quispe,martín.quispe@ucb.edu.bo,Transferencia
LPZ-00220,"September 17, 2024",Batería  Externa  20000mAh,,247.16,la paz,Ana Quispe,Alejandro Fernández,alejandro.fernández@hotmail.com,Tarjeta Débito
LPZ-00253,03 de March de 2024,impresora epson l3250,1.0,bs. 1657.42,L.P.,Roberto López,Patricia Rojas,patricia.rojas@ucb.edu.bo,Efectivo
LPZ-00353,18 de July de 2024,kit limpieza pantalla,1.0,30.32,LPZ,Roberto López,Claudia Mendoza,claudia.mendoza@outlook.com,QR
LPZ-00051,03/06/2024,Batería  Externa  20000mAh,4.0,219.29,LA PAZ,Pedro Gutiérrez,Natalia Quispe,natalia.quispe@ucb.edu.bo,Tarjeta Crédito
LPZ-00262,2024/05/27,Cargador Universal USB-C,2.0,124.9,La Paz,Sofía Choque,Sebastián Rojas,sebastián.rojas@,Efectivo
LPZ-00179,02-10-2025, Batería Externa 20000mAh,5.0,bs. 201.83,LP,Ana Quispe,Sebastián Quispe,sebastián.quispe@gmail.com,Efectivo
LPZ-00411,07/09/2024,parlante bluetooth jbl,5.0,824.46,LA PAZ,Valentina Morales,Ricardo Choque,ricardo.choque@gmail.com,Transferencia
LPZ-00279,19/09/2024,Tablet  Samsung  Galaxy  Tab,5.0,3639.02,la paz,Lucía Condori,Sebastián Morales,sebastián.morales@yahoo.com,Transferencia
LPZ-00020,08-17-2024,Procesador  AMD  Ryzen  5,4.0,1988.35,la paz,Pedro Gutiérrez,Daniela Vargas,daniela.vargas@gmail.com,Efectivo
LPZ-00356,29-Oct-2024,router wifi tp-link,-1.0,414.32,Lapaz,Juan Pérez,Silvia Gutiérrez,silvia.gutiérrez@,Transferencia
LPZ-00170,07 de November de 2024,Cable HDMI 2m,2.0,44.24,LPZ,Ana Quispe,Carla Salazar,carla.salazar@ucb.edu.bo,Tarjeta Crédito
LPZ-00240,16-Nov-2024,ssd samsung 500gb,5.0,488.7,LPZ,Sofía Choque,Martín Salazar,martín.salazar@hotmail.com,Tarjeta Crédito
LPZ-00278,2024/04/15,Router WiFi TP-Link,3.0,399.46,LP,Ana Quispe,Gabriela Rojas,gabriela.rojas@ucb.edu.bo,QR
LPZ-00161,14-Jul-2024,Teclado Logitech K380  ,4.0,302.03,L.P.,María García,Sebastián López,sebastián.lópez@hotmail.com,QR
LPZ-00074,20-Mar-2025, Memoria USB 128GB,2.0,142.01,L.P.,José Ríos,Sebastián García,sebastián.garcía@hotmail.com,Transferencia
LPZ-00018,03-30-2025, Kit Limpieza Pantalla,5.0,36.57,LP,Carmen Flores,Claudia Mendoza,,Tarjeta Débito
LPZ-00063,"July 18, 2024",Mouse  Inalámbrico  Logitech,5.0,165.71,Lapaz,,Lorena Condori,,Efectivo
LPZ-00250,31 de August de 2024,Impresora  HP  DeskJet,2.0,,LA PAZ,Valentina Morales,Carla Gutiérrez,carla.gutiérrez@gmail.com,QR
LPZ-00229,2024/02/04,Cable HDMI 2m  ,2.0,Bs.47.49,La Paz,,Eduardo García,eduardo.garcía@ucb.edu.bo,Tarjeta Crédito
LPZ-00239,28-Apr-2024, Adaptador HDMI a VGA,4.0,,LA PAZ,María García,Claudia Mamani,claudia.mamani@ucb.edu.bo,Efectivo
LPZ-00230,2024-01-17,Laptop Lenovo ThinkPad,5.0,7806.77,La Paz,José Ríos,Carla Mendoza,carla.mendoza@yahoo.com,Tarjeta Débito
LPZ-00319,19/12/2024,Audifonos JBL Tune,2.0,,la paz,Pedro Gutiérrez,Miguel Salazar,miguel.salazar@outlook.com,QR
LPZ-00284,"March 08, 2024",Laptop Lenovo ThinkPad  ,-2.0,6951.08,LP,Roberto López,Ricardo Choque,ricardo.choque@outlook.com,QR
LPZ-00048,2025-01-04,Impresora Epson L3250  ,5.0,1404.37,LP,Lucía Condori,Fernando Mendoza,fernando.mendoza@yahoo.com,Tarjeta Crédito
LPZ-00251,2024/12/14,Tablet  Samsung  Galaxy  Tab,5.0,3415.24,la paz,Carlos Mamani,Verónica Condori,verónica.condori@gmail.com,Tarjeta Crédito
LPZ-00080,25-Mar-2024, Kit Limpieza Pantalla,5.0,31.65,Lapaz,Sofía Choque,Lorena Fernández,lorena.fernández @yahoo.com,Transferencia
LPZ-00296,2024/05/28,laptop hp pavilion,3.0,Bs. 5692.19,LP,Valentina Morales,Verónica López,verónica.lópez@ucb.edu.bo,Efectivo
LPZ-00310,"January 19, 2025",Mouse Inalambrico Logitech,,196.06,Lapaz,Lucía Condori,Pablo Morales,pablo.morales@gmail.com,QR
LPZ-00021,29-Nov-2024,mouse gamer razer,1.0,385.27,LP,,Alejandro Gutiérrez,alejandro.gutiérrez@ucb.edu.bo,QR
LPZ-00425,2024/11/27,Hub USB 4 puertos,4.0,86.57,La Paz,María García,Claudia Condori,claudia.condori@hotmail.com,Efectivo
LPZ-00141,"July 24, 2024",kit limpieza pantalla,4.0,37.97,la paz,Lucía Condori,Sebastián Salazar,sebastián.salazar@yahoo.com,Tarjeta Crédito
LPZ-00193,12-09-2024,Router  WiFi  TP-Link,2.0,396.36,LPZ,Valentina Morales,Lorena Vargas,lorena.vargas@gmail.com,QR
LPZ-00131,16-Jul-2024,CARGADOR UNIVERSAL USB-C,2.0,126.46,la paz,,Martín Condori,martín.condori@ucb.edu.bo,QR
LPZ-00216,16 de February de 2024,Tablet iPad Air,-5.0,4183.5,Lapaz,Carmen Flores,Mónica Condori,mónica.condori@ucb.edu.bo,Tarjeta Crédito
LPZ-00245,05-30-2024,Adaptador HDMI a VGA,4.0,57.43,LA PAZ,Juan Pérez,Mónica López,mónica.lópez@yahoo.com,Efectivo
LPZ-00364,2024-12-01,CABLE HDMI 2M,4.0,Bs.41.87,Lapaz,Carlos Mamani,Patricia Morales,patricia.morales@hotmail.com,Efectivo
LPZ-00060,05 de August de 2024,memoria usb 64gb,5.0,71.9,LPZ,Valentina Morales,Claudia Salazar,claudia.salazar@gmail.com,Tarjeta Crédito
LPZ-00222,2024/02/24,Mouse Gamer Razer  ,3.0,Bs 467,L.P.,José Ríos,Javier Morales,javier.moralesgmail.com,Tarjeta Débito
LPZ-00177,25/12/2028,Memoria USB 128GB,2.0,Bs.140.33,Lapaz,Valentina Morales,Miguel Rojas,miguel.rojas@gmail.com,Efectivo
LPZ-00450,17-Sep-2024,Adaptador  HDMI  a  VGA,5.0,Bs. 63.09,LP,Valentina Morales,Natalia Rojas,natalia.rojas@ucb.edu.bo,Tarjeta Crédito
LPZ-00056,20/02/2025,"MONITOR SAMSUNG 24""",5.0,1925.16 Bs,la paz,Roberto López,Patricia Mamani,patricia.mamani@ucb.edu.bo,Tarjeta Crédito
LPZ-00292,"January 21, 2025",Impresora  Epson  L3250,,1539.99,L.P.,Valentina Morales,Carla Rojas,carla.rojas@outlook.com,QR
LPZ-00255,08 de July de 2024,"Monitor  LG  27""",1.0,2576.39,La Paz,Diego Fernández,Fernando Fernández,fernando.fernández@hotmail.com,Tarjeta Débito
LPZ-00408,12-23-2024,Audífonos JBL Tune  ,4.0,406.64,L.P.,Lucía Condori,Natalia Mamani,natalia.mamani@yahoo.com,Efectivo
LPZ-00386,03-09-2024,Laptop Dell Inspiron  ,,6127.96,Lapaz,Diego Fernández,Alejandro Fernández,alejandro.fernández@outlook.com,Tarjeta Crédito
LPZ-00437,23/12/2024,Hub USB 4 puertos,3.0,,la paz,Ana Quispe,Claudia Rojas,claudia.rojas@yahoo.com,Transferencia
LPZ-00198,2025-02-02,"funda para laptop 15""",1.0,170.06,LA PAZ,Valentina Morales,Sebastián Rojas,sebastián.rojas@outlook.com,Tarjeta Débito
LPZ-00069,31 de January de 2024, SSD Samsung 500GB,5.0,513.39,Lapaz,,Eduardo Mamani,eduardo.mamani@hotmail.com,Transferencia
LPZ-00211,2024/01/08,Impresora Epson L3250,-4.0,1882.31,LA PAZ,Carlos Mamani,Ricardo Mendoza,ricardo.mendoza@yahoo.com,Tarjeta Crédito
LPZ-00233,2024-08-21,Tarjeta Grafica NVIDIA RTX,3.0,5149.86,La Paz,Sofía Choque,Mónica García,mónica.garcía@yahoo.com,Tarjeta Débito
LPZ-00202,09-05-2024,disco duro externo 1tb,3.0,618.89,LP,José Ríos,Andrés Gutiérrez,andrés.gutiérrez@yahoo.com,Tarjeta Débito
LPZ-00169,28 de January de 2024,Procesador  AMD  Ryzen  5,2.0,1744.33,Lapaz,Lucía Condori,Patricia García,,QR
LPZ-00186,03-Nov-2024,Laptop  Dell  Inspiron,3.0,6343.86,LA PAZ,Roberto López,Ricardo Rojas,ricardo.rojas@hotmail.com,QR
LPZ-00036,"May 20, 2024",router wifi tp-link,1.0,422.16,L.P.,María García,Natalia Salazar,natalia.salazargmail.com,QR
LPZ-00130,2024-04-08, SSD Samsung 500GB,-3.0,505.12,Lapaz,Pedro Gutiérrez,Silvia Torrez,silvia.torrez@hotmail.com,Tarjeta Débito
